node	short_name	functional_cluster_id	description	pathway	node_type	name	display_label
VPg			viral protein genome-linked	Stress - Biotic	ForeignCoding	VPg	VPg
AT2G34430	LHB1B1	fc00367	light-harvesting chlorophyll-protein complex II subunit B1	Primary metabolism - Photosynthesis	PlantCoding	AT2G34430	LHB1B1
AT1G71500	PSB33	fc00364	Rieske (2Fe-2S) domain-containing protein	Primary metabolism - Photosynthesis	PlantCoding	AT1G71500	PSB33
HC-Pro			Helper Component PROteinase	Stress - Biotic	ForeignCoding	HC-Pro	HC-Pro
AT1G08450	CRT3	fc00048	calreticulin 3	Signalling - Calcium	PlantCoding	AT1G08450	CRT3
AT1G09210	CRT1B	fc00048	calreticulin 1b	Signalling - Calcium	PlantCoding	AT1G09210	CRT1B
AT1G56340	CRT1A	fc00048	calreticulin 1a	Signalling - Calcium	PlantCoding	AT1G56340	CRT1A
Drought				Stress - Drought	ForeignAbiotic	Drought	Drought
AT4G04340	OSCA1	fc00389		Stress - Drought	PlantCoding	AT4G04340	OSCA1
AT1G10940	SNRK2.4	fc00318	SNF1-related protein kinase 2.4	Hormone - Abscisic acid (ABA)	PlantCoding	AT1G10940	SNRK2.4
AT1G45249	AREB1	fc00397	abscisic acid responsive elements-binding factor 2	Hormone - Abscisic acid (ABA)	PlantCoding	AT1G45249	AREB1
AT3G19290	ABF4	fc00397	ABRE binding factor 4	Hormone - Abscisic acid (ABA)	PlantCoding	AT3G19290	ABF4
AT1G49720	ABF1	fc00397	abscisic acid responsive element-binding factor 1	Hormone - Abscisic acid (ABA)	PlantCoding	AT1G49720	ABF1
AT4G34000	ABF3	fc00397	abscisic acid responsive elements-binding factor 3	Hormone - Abscisic acid (ABA)	PlantCoding	AT4G34000	ABF3
AT1G78290	SNRK2-8	fc00318	SNF1-RELATED PROTEIN KINASE 2-8	Hormone - Abscisic acid (ABA)	PlantCoding	AT1G78290	SNRK2-8
AT4G33950	OST1	fc00318	OPEN STOMATA 1	Hormone - Abscisic acid (ABA)	PlantCoding	AT4G33950	OST1
AT3G56380	ARR17	fc00029	response regulator 17	Hormone - Cytokinins (CK)	PlantCoding	AT3G56380	ARR17
AT3G48100	RR5	fc00029	response regulator 5	Hormone - Cytokinins (CK)	PlantCoding	AT3G48100	RR5
AT1G19050	ARR7	fc00029	response regulator 7	Hormone - Cytokinins (CK)	PlantCoding	AT1G19050	ARR7
AT1G74890	ARR15	fc00029	response regulator 15	Hormone - Cytokinins (CK)	PlantCoding	AT1G74890	ARR15
AT3G57040	ARR9	fc00029	response regulator 9	Hormone - Cytokinins (CK)	PlantCoding	AT3G57040	ARR9
AT5G62920	ARR6	fc00029	response regulator 6	Hormone - Cytokinins (CK)	PlantCoding	AT5G62920	ARR6
AT1G10470	ARR4	fc00029	response regulator 4	Hormone - Cytokinins (CK)	PlantCoding	AT1G10470	ARR4
AT2G41310	RR3	fc00029	response regulator 3	Hormone - Cytokinins (CK)	PlantCoding	AT2G41310	RR3
AT2G40670	RR16	fc00029	response regulator 16	Hormone - Cytokinins (CK)	PlantCoding	AT2G40670	RR16
AT1G59940	ARR3	fc00029	response regulator 3	Hormone - Cytokinins (CK)	PlantCoding	AT1G59940	ARR3
AT1G68840	EDF2	fc00059	related to ABI3/VP1 2	Hormone - Ethylene (ET)	PlantCoding	AT1G68840	EDF2
AT1G66410	CAM4	fc00224	calmodulin 4	Signalling - Calcium	PlantCoding	AT1G66410	CAM4
AT3G01830	AT3G01830	fc00224	Calcium-binding EF-hand family protein	Signalling - Calcium	PlantCoding	AT3G01830	AT3G01830
AT4G20780	CML42	fc00224	calmodulin like 42	Signalling - Calcium	PlantCoding	AT4G20780	CML42
AT1G65880	BZO1	fc00323	benzoyloxyglucosinolate 1	Secondary metabolism - Terpenoids	PlantCoding	AT1G65880	BZO1
AT3G48090	EDS1	fc00060	enhanced disease susceptibility, alpha/beta-Hydrolases superfamily protein	Hormone - Salicylic acid (SA)	PlantCoding	AT3G48090	EDS1
AT3G52430	PAD4	fc00123	phytoalexin deficient, InterPro Lipase, class 3	Hormone - Salicylic acid (SA)	PlantCoding	AT3G52430	PAD4
EDS1|PAD4				Hormone - Salicylic acid (SA)	Complex	EDS1|PAD4	EDS1|PAD4
AT2G43790	MPK6	fc00308	MAP kinase 6	Signalling - MAP kinases (MAPKs)	PlantCoding	AT2G43790	MPK6
AT3G45640	MPK3	fc00308	mitogen-activated protein kinase 3	Signalling - MAP kinases (MAPKs)	PlantCoding	AT3G45640	MPK3
AT1G47710	SERPIN1	fc00362	Serine protease inhibitor (SERPIN) family protein	Signalling - Cell death	PlantCoding	AT1G47710	SERPIN1
ATCG00670	clpP1	fc00363	plastid-encoded CLP P		PlantCoding	ATCG00670	clpP1
AT5G54500	FQR1	fc00366	flavodoxin-like quinone reductase 1	Hormone - Auxins (AUX)	PlantCoding	AT5G54500	FQR1
AT2G43590	PR-3 like	fc00361	Chitinase family protein	Stress - Biotic	PlantCoding	AT2G43590	PR-3 like
AT3G17880	TDX	fc00153	tetracopeptide domain-containing thioredoxin	Signalling - Reactive oxygen species (ROS)	PlantCoding	AT3G17880	TDX
AT1G67090	RBCS1A	fc00314	ribulose bisphosphate carboxylase small chain 1A	Primary metabolism - Photosynthesis	PlantCoding	AT1G67090	RBCS1A
P3			cell-to-cell movement	Stress - Biotic	ForeignCoding	P3	P3
AT5G38430	RBCS1B	fc00314	Rubisco small subunit 1B	Primary metabolism - Photosynthesis	PlantCoding	AT5G38430	RBCS1B
ATCG00490	RBCL	fc00314	ribulose-bisphosphate carboxylases	Primary metabolism - Photosynthesis	PlantCoding	ATCG00490	RBCL
AT3G07780	OBE1	fc00116	oberon 1	Signalling - Perception and resistance genes	PlantCoding	AT3G07780	OBE1
AT4G00660	RH8	fc00140	RNAhelicase-like 8 (DEAD/DEAH box helicase)	Regulation - Silencing	PlantCoding	AT4G00660	RH8
AT2G32060	RPS12C	fc00369	Ribosomal protein L7Ae/L30e/S12e/Gadd45 family protein	Regulation - Transcription & Translation	PlantCoding	AT2G32060	RPS12C
AT5G57860	MTI20.11	fc00370	Ubiquitin-like superfamily protein	Degradation - Ubiquitination	PlantCoding	AT5G57860	MTI20.11
AT1G04310	ERS2	fc00075	ethylene response sensor 2	Hormone - Ethylene (ET)	PlantCoding	AT1G04310	ERS2
AT1G66340	ETR1	fc00075	ETHYLENE RESPONSE 1	Hormone - Ethylene (ET)	PlantCoding	AT1G66340	ETR1
AT2G40940	ERS1	fc00075	ethylene response sensor 1	Hormone - Ethylene (ET)	PlantCoding	AT2G40940	ERS1
AT3G04580	EIN4	fc00075	ETHYLENE INSENSITIVE 4	Hormone - Ethylene (ET)	PlantCoding	AT3G04580	EIN4
AT3G23150	ETR2	fc00075	ethylene response 2	Hormone - Ethylene (ET)	PlantCoding	AT3G23150	ETR2
Ca2+			Calcium	Signalling - Calcium	Metabolite	Ca2+	Ca2+
AT1G02500	SAM1	fc00146	S-adenosylmethionine synthetase 1	Hormone - Ethylene (ET)	PlantCoding	AT1G02500	SAM1
AT2G36880	MAT3	fc00146	methionine adenosyltransferase 3	Hormone - Ethylene (ET)	PlantCoding	AT2G36880	MAT3
AT3G17390	MTO3	fc00146	METHIONINE OVER-ACCUMULATOR 3	Hormone - Ethylene (ET)	PlantCoding	AT3G17390	MTO3
AT4G01850	SAM-2	fc00146	S-adenosylmethionine synthetase 2	Hormone - Ethylene (ET)	PlantCoding	AT4G01850	SAM-2
AT3G23810	SAHH	fc00144	S-adenosyl-l-homocysteine (SAH) hydrolase 2	Hormone - Jasmonate (JA)	PlantCoding	AT3G23810	SAHH
AT5G56010	HSP81-3	fc00083	heat shock protein 81-3	Signalling - Heat-shock proteins (HSPs)	PlantCoding	AT5G56010	HSP81-3
AT4G11260	SGT1B	fc00149	phosphatase-related	Signalling - Perception and resistance genes	PlantCoding	AT4G11260	SGT1B
AT4G23570	SGT1A	fc00149	phosphatase-related	Signalling - Perception and resistance genes	PlantCoding	AT4G23570	SGT1A
AT5G52640	HSP90.1	fc00083	heat shock protein 90.1	Signalling - Heat-shock proteins (HSPs)	PlantCoding	AT5G52640	HSP90.1
AT4G24190	SHD	fc00083	SHEPHERD	Signalling - Heat-shock proteins (HSPs)	PlantCoding	AT4G24190	SHD
AT3G07770	HSP89.1	fc00083	HEAT SHOCK PROTEIN 89.1	Signalling - Heat-shock proteins (HSPs)	PlantCoding	AT3G07770	HSP89.1
AT5G56000	HSP81.4	fc00083	HEAT SHOCK PROTEIN 81.4	Signalling - Heat-shock proteins (HSPs)	PlantCoding	AT5G56000	HSP81.4
AT2G04030	CR88	fc00083	Chaperone protein htpG family protein	Signalling - Heat-shock proteins (HSPs)	PlantCoding	AT2G04030	CR88
AT5G56030	HSP81-2	fc00083	heat shock protein 81-2	Signalling - Heat-shock proteins (HSPs)	PlantCoding	AT5G56030	HSP81-2
AT5G51700	RAR1	fc00135	resistance signalling protein, cysteine and histidine-rich domain-containing protein	Signalling - Perception and resistance genes	PlantCoding	AT5G51700	RAR1
AT1G75040	PR5	fc00132	pathogenesis-related protein 5; thaumatin-like protein	Hormone - Salicylic acid (SA)	PlantCoding	AT1G75040	PR5
AT1G48410	AGO1	fc00017	argonaute, stabilizer of iron transporter SufD / Polynucleotidyl transferase	Regulation - Silencing	PlantCoding	AT1G48410	AGO1
AT5G14930	SAG101	fc00317	senescence-associated gene 101	Hormone - Salicylic acid (SA)	PlantCoding	AT5G14930	SAG101
AT5G45890	SAG12	fc00317	senescence-associated gene 12	Hormone - Salicylic acid (SA)	PlantCoding	AT5G45890	SAG12
EDS1|PAD4|SAG				Hormone - Salicylic acid (SA)	Complex	EDS1|PAD4|SAG	EDS1|PAD4|SAG
CI			RNA helicase with ATPase activity	Stress - Biotic	ForeignCoding	CI	CI
AT1G10350	AT1G10350	fc00300	DNAJ heat shock family protein	Signalling - Heat-shock proteins (HSPs)	PlantCoding	AT1G10350	AT1G10350
CP			capsid/coat protein	Stress - Biotic	ForeignCoding	CP	CP
AT3G08910	AT3G08910	fc00300	DNAJ heat shock family protein	Signalling - Heat-shock proteins (HSPs)	PlantCoding	AT3G08910	AT3G08910
TORC1				Primary metabolism - Photosynthesis	Complex	TORC1	TORC1
AT3G49590	ATG13A	fc00330	Protein kinase superfamily protein	Degradation - Autophagy	PlantCoding	AT3G49590	ATG13A
AT4G15560	DXPS2	fc00057	1-deoxy-D-xylulose-5-phosphate synthase	Secondary metabolism - Terpenoids	PlantCoding	AT4G15560	DXPS2
ATCG00480	ATPB	fc00032	ATP synthase subunit beta	Secondary metabolism - Terpenoids	PlantCoding	ATCG00480	ATPB
AT3G25070	RIN4	fc00141	RPM1 interacting protein 4	Signalling - Perception and resistance genes	PlantCoding	AT3G25070	RIN4
AT3G20600	NDR1	fc00113	non race-specific disease resistance 1	Signalling - Perception and resistance genes	PlantCoding	AT3G20600	NDR1
AT5G24020	MIND1	fc00103	division-related factor MinD	Secondary metabolism - Terpenoids	PlantCoding	AT5G24020	MIND1
ribosome			ribosome	Regulation - Transcription & Translation	Complex	ribosome	ribosome
AT2G05840	PAA2	fc00122	20S proteasome alpha subunit A	Degradation - Ubiquitination	PlantCoding	AT2G05840	PAA2
AT5G40580	PBB2	fc00125	20S proteasome beta subunit B	Degradation - Ubiquitination	PlantCoding	AT5G40580	PBB2
AT3G12250	TGA6	fc00154	TGACG motif-binding factor 6	Hormone - Salicylic acid (SA)	PlantCoding	AT3G12250	TGA6
AT1G64280	NPR1	fc00115	nonexpresser of PR genes	Hormone - Salicylic acid (SA)	PlantCoding	AT1G64280	NPR1
AT5G06960	OBF5	fc00154	OCS-element binding factor 5	Hormone - Salicylic acid (SA)	PlantCoding	AT5G06960	OBF5
AT5G06950	AHBP-1B	fc00154	bZIP transcription factor family protein	Hormone - Salicylic acid (SA)	PlantCoding	AT5G06950	AHBP-1B
NPR1|TGA2,5,6				Hormone - Salicylic acid (SA)	Complex	NPR1|TGA2,5,6	NPR1|TGA2,5,6
AT3G63130	RANGAP	fc00134	RAN GTPase activating protein	Signalling - Perception and resistance genes	PlantCoding	AT3G63130	RANGAP
Rx[unknown]	Rx	fc00196		Signalling - Perception and resistance genes	PlantAbstract	Rx[unknown]	Rx
GPAphid2[unknown]	GPAphid2	fc00002	GREEN PEACH APHID2	Signalling - Perception and resistance genes	PlantAbstract	GPAphid2[unknown]	GPAphid2
AT2G45660	SOC1	fc00396		Hormone - Gibberellin (GA)	PlantCoding	AT2G45660	SOC1
AT1G13060	PBE1	fc00126	20S proteasome beta subunit E	Degradation - Ubiquitination	PlantCoding	AT1G13060	PBE1
AT2G24570	WRKY17	fc00163	WRKY family transcription factor 17	Regulation - Transcription & Translation	PlantCoding	AT2G24570	WRKY17
AT4G31550	WRKY11	fc00162	WRKY family transcription factor 11	Regulation - Transcription & Translation	PlantCoding	AT4G31550	WRKY11
AT5G15840	CO	fc00285	B-box type zinc finger protein with CCT domain-containing protein	Primary metabolism - Photosynthesis	PlantCoding	AT5G15840	CO
AT2G39940	COI1	fc00047	Coronatine insensitive 1	Hormone - Jasmonate (JA)	PlantCoding	AT2G39940	COI1
AT1G17380	JAZ5	fc00088	jasmonate-zim-domain protein 5	Hormone - Jasmonate (JA)	PlantCoding	AT1G17380	JAZ5
AT1G19180	JAZ1	fc00088	jasmonate-zim-domain protein 1	Hormone - Jasmonate (JA)	PlantCoding	AT1G19180	JAZ1
AT1G30135	JAZ8	fc00088	jasmonate-zim-domain protein 8	Hormone - Jasmonate (JA)	PlantCoding	AT1G30135	JAZ8
AT1G48500	JAZ4	fc00088	jasmonate-zim-domain protein 4	Hormone - Jasmonate (JA)	PlantCoding	AT1G48500	JAZ4
AT1G70700	TIFY7	fc00088	TIFY domain/Divergent CCT motif family protein	Hormone - Jasmonate (JA)	PlantCoding	AT1G70700	TIFY7
AT1G72450	JAZ6	fc00088	jasmonate-zim-domain protein 6	Hormone - Jasmonate (JA)	PlantCoding	AT1G72450	JAZ6
AT1G74950	TIFY10B	fc00088	TIFY domain/Divergent CCT motif family protein	Hormone - Jasmonate (JA)	PlantCoding	AT1G74950	TIFY10B
AT2G34600	JAZ7	fc00088	jasmonate-zim-domain protein 7	Hormone - Jasmonate (JA)	PlantCoding	AT2G34600	JAZ7
AT3G17860	JAZ3	fc00088	jasmonate-zim-domain protein 3	Hormone - Jasmonate (JA)	PlantCoding	AT3G17860	JAZ3
AT3G43440	JAZ11	fc00088	jasmonate-zim-domain protein 11	Hormone - Jasmonate (JA)	PlantCoding	AT3G43440	JAZ11
AT5G13220	PW220	fc00088	jasmonate-zim-domain protein 10	Hormone - Jasmonate (JA)	PlantCoding	AT5G13220	PW220
AT5G20900	JAZ12	fc00088	jasmonate-zim-domain protein 12	Hormone - Jasmonate (JA)	PlantCoding	AT5G20900	JAZ12
AT1G13440	GAPC2	fc00365	glyceraldehyde-3-phosphate dehydrogenase C2		PlantCoding	AT1G13440	GAPC2
AT3G17020	AT3G17020	fc00371	Adenine nucleotide alpha hydrolases-like superfamily protein		PlantCoding	AT3G17020	AT3G17020
AT4G20910	HEN1	fc00333	HUA ENHANCER 1	Regulation - Silencing	PlantCoding	AT4G20910	HEN1
AT5G42340	PUB15	fc00343	Plant U-Box 15		PlantCoding	AT5G42340	PUB15
AT5G67160	EPS1	fc00138	HXXXD-type acyl-transferase family protein	Hormone - Salicylic acid (SA)	PlantCoding	AT5G67160	EPS1
SA			Salicylic acid	Hormone - Salicylic acid (SA)	Metabolite	SA	SA
AT1G02920	GSTF7	fc00081	glutathione S-transferase 7	Signalling - Reactive oxygen species (ROS)	PlantCoding	AT1G02920	GSTF7
AT1G02930	GSTF6	fc00081	glutathione S-transferase 6	Signalling - Reactive oxygen species (ROS)	PlantCoding	AT1G02930	GSTF6
AT1G17170	GSTU24	fc00081	glutathione S-transferase TAU 24	Signalling - Reactive oxygen species (ROS)	PlantCoding	AT1G17170	GSTU24
AT2G02930	GSTF3	fc00081	glutathione S-transferase F3	Signalling - Reactive oxygen species (ROS)	PlantCoding	AT2G02930	GSTF3
AT2G47730	GSTF8	fc00081	glutathione S-transferase phi 8	Signalling - Reactive oxygen species (ROS)	PlantCoding	AT2G47730	GSTF8
AT4G02520	GSTF2	fc00081	glutathione S-transferase PHI 2	Signalling - Reactive oxygen species (ROS)	PlantCoding	AT4G02520	GSTF2
AT5G46330	FLS2	fc00076	Leucine-rich receptor-like protein kinase family protein; PRR protein flagellin sensing 2	Signalling - Perception and resistance genes	PlantCoding	AT5G46330	FLS2
AT4G33430	BAK1	fc00033	BRI1-associated receptor kinase; somatic embryogenesis receptor-like kinase 3	Hormone - Brassinosteroids (BS)	PlantCoding	AT4G33430	BAK1
flg22			flagellin fragment	Stress - Biotic	ForeignCoding	flg22	flg22
BAK1|FLS2|flg22				Hormone - Brassinosteroids (BS)	Complex	BAK1|FLS2|flg22	BAK1|FLS2|flg22
AT2G38470	WRKY33	fc00166	WRKY family transcription factor 33	Regulation - Transcription & Translation	PlantCoding	AT2G38470	WRKY33
AT3G18690	MKS1	fc00104	mitogen-activated protein (MAP) kinase substrate 1	Signalling - MAP kinases (MAPKs)	PlantCoding	AT3G18690	MKS1
AT1G30380	PSAK	fc00133	photosystem I subunit K	Primary metabolism - Photosynthesis	PlantCoding	AT1G30380	PSAK
GA			Gibberellins	Hormone - Gibberellin (GA)	Metabolite	GA	GA
AT3G05120	GID1A	fc00305	GA INSENSITIVE DWARF1A	Hormone - Gibberellin (GA)	PlantCoding	AT3G05120	GID1A
AT3G63010	GID1B	fc00305	GA INSENSITIVE DWARF1B	Hormone - Gibberellin (GA)	PlantCoding	AT3G63010	GID1B
AT4G24210	SLY1	fc00305	SLEEPY1	Hormone - Gibberellin (GA)	PlantCoding	AT4G24210	SLY1
AT5G27320	GID1C	fc00305	GA INSENSITIVE DWARF1C	Hormone - Gibberellin (GA)	PlantCoding	AT5G27320	GID1C
GA|GID1				Hormone - Gibberellin (GA)	Complex	GA|GID1	GA|GID1
AT1G14920	GAI	fc00056	GIBBERELLIC ACID INSENSITIVE	Hormone - Gibberellin (GA)	PlantCoding	AT1G14920	GAI
AT3G03450	RGL2	fc00056	RGA-like 2	Hormone - Gibberellin (GA)	PlantCoding	AT3G03450	RGL2
AT5G17490	RGL3	fc00056	RGA-like protein 3	Hormone - Gibberellin (GA)	PlantCoding	AT5G17490	RGL3
AT1G66350	RGL1	fc00056	RGA-like 1	Hormone - Gibberellin (GA)	PlantCoding	AT1G66350	RGL1
AT2G01570	RGA1	fc00056	REPRESSOR OF GA1-3 1	Hormone - Gibberellin (GA)	PlantCoding	AT2G01570	RGA1
AT4G23810	WRKY53	fc00169	WRKY family transcription factor 53	Regulation - Transcription & Translation	PlantCoding	AT4G23810	WRKY53
AT1G54040	ESP	fc00073	enzyme regulator (epithiospecifier protein)	Signalling - Perception and resistance genes	PlantCoding	AT1G54040	ESP
AT5G24110	WRKY30	fc00165	WRKY family transcription factor 30	Regulation - Transcription & Translation	PlantCoding	AT5G24110	WRKY30
AT1G69310	WRKY57	fc00170	WRKY family transcription factor 57	Regulation - Transcription & Translation	PlantCoding	AT1G69310	WRKY57
AT1G04100	IAA10	fc00136	indoleacetic acid-induced protein 10	Hormone - Auxins (AUX)	PlantCoding	AT1G04100	IAA10
AT1G04240	SHY2	fc00136	SHORT HYPOCOTYL 2	Hormone - Auxins (AUX)	PlantCoding	AT1G04240	SHY2
AT1G04250	AXR3	fc00136	AUXIN RESISTANT 3	Hormone - Auxins (AUX)	PlantCoding	AT1G04250	AXR3
AT1G04550	IAA12	fc00136	indole-3-acetic acid inducible 12	Hormone - Auxins (AUX)	PlantCoding	AT1G04550	IAA12
AT1G15050	IAA34	fc00136	indole-3-acetic acid inducible 34	Hormone - Auxins (AUX)	PlantCoding	AT1G15050	IAA34
AT1G15580	IAA5	fc00136	indole-3-acetic acid inducible 5	Hormone - Auxins (AUX)	PlantCoding	AT1G15580	IAA5
AT1G51950	IAA18	fc00136	indole-3-acetic acid inducible 18	Hormone - Auxins (AUX)	PlantCoding	AT1G51950	IAA18
AT1G52830	IAA6	fc00136	indole-3-acetic acid 6	Hormone - Auxins (AUX)	PlantCoding	AT1G52830	IAA6
AT1G80390	IAA15	fc00136	indole-3-acetic acid inducible 15	Hormone - Auxins (AUX)	PlantCoding	AT1G80390	IAA15
AT2G01200	IAA32	fc00136	indole-3-acetic acid inducible 32	Hormone - Auxins (AUX)	PlantCoding	AT2G01200	IAA32
AT2G22670	IAA8	fc00136	indoleacetic acid-induced protein 8	Hormone - Auxins (AUX)	PlantCoding	AT2G22670	IAA8
AT2G33310	IAA13	fc00136	auxin-induced protein 13	Hormone - Auxins (AUX)	PlantCoding	AT2G33310	IAA13
AT2G46990	IAA20	fc00136	indole-3-acetic acid inducible 20	Hormone - Auxins (AUX)	PlantCoding	AT2G46990	IAA20
AT3G04730	IAA16	fc00136	indoleacetic acid-induced protein 16	Hormone - Auxins (AUX)	PlantCoding	AT3G04730	IAA16
AT3G15540	IAA19	fc00136	indole-3-acetic acid inducible 19	Hormone - Auxins (AUX)	PlantCoding	AT3G15540	IAA19
AT3G16500	PAP1	fc00136	phytochrome-associated protein 1	Hormone - Auxins (AUX)	PlantCoding	AT3G16500	PAP1
AT3G17600	IAA31	fc00136	indole-3-acetic acid inducible 31	Hormone - Auxins (AUX)	PlantCoding	AT3G17600	IAA31
AT3G23030	IAA2	fc00136	indole-3-acetic acid inducible 2	Hormone - Auxins (AUX)	PlantCoding	AT3G23030	IAA2
AT3G23050	IAA7	fc00136	indole-3-acetic acid 7	Hormone - Auxins (AUX)	PlantCoding	AT3G23050	IAA7
AT3G62100	IAA30	fc00136	indole-3-acetic acid inducible 30	Hormone - Auxins (AUX)	PlantCoding	AT3G62100	IAA30
AT4G14550	IAA14	fc00136	indole-3-acetic acid inducible 14	Hormone - Auxins (AUX)	PlantCoding	AT4G14550	IAA14
AT4G14560	IAA1	fc00136	indole-3-acetic acid inducible	Hormone - Auxins (AUX)	PlantCoding	AT4G14560	IAA1
AT4G28640	IAA11	fc00136	indole-3-acetic acid inducible 11	Hormone - Auxins (AUX)	PlantCoding	AT4G28640	IAA11
AT4G29080	PAP2	fc00136	phytochrome-associated protein 2	Hormone - Auxins (AUX)	PlantCoding	AT4G29080	PAP2
AT4G32280	IAA29	fc00136	indole-3-acetic acid inducible 29	Hormone - Auxins (AUX)	PlantCoding	AT4G32280	IAA29
AT5G25890	IAA28	fc00136	indole-3-acetic acid inducible 28	Hormone - Auxins (AUX)	PlantCoding	AT5G25890	IAA28
AT5G43700	ATAUX2-11	fc00136	AUXIN INDUCIBLE 2-11	Hormone - Auxins (AUX)	PlantCoding	AT5G43700	ATAUX2-11
AT5G57420	IAA33	fc00136	indole-3-acetic acid inducible 33	Hormone - Auxins (AUX)	PlantCoding	AT5G57420	IAA33
AT5G65670	IAA9	fc00136	indole-3-acetic acid inducible 9	Hormone - Auxins (AUX)	PlantCoding	AT5G65670	IAA9
AT1G07530	SCL14	fc00147	scarecrow-like 14; GRAS family transcription factor	Regulation - Transcription & Translation	PlantCoding	AT1G07530	SCL14
SCL14|TGA2,5,6				Hormone - Salicylic acid (SA)	Complex	SCL14|TGA2,5,6	SCL14|TGA2,5,6
AT1G32640	MYC2	fc00108	basic helix-loop-helix (bHLH) DNA-binding superfamily protein	Hormone - Jasmonate (JA)	PlantCoding	AT1G32640	MYC2
SCF			SCF	Degradation - Ubiquitination	Complex	SCF	SCF
GID|SCF				Hormone - Gibberellin (GA)	Complex	GID|SCF	GID|SCF
AT1G20620	CAT3	fc00191	catalase 3	Signalling - Reactive oxygen species (ROS)	PlantCoding	AT1G20620	CAT3
AT4G20380	LSD1	fc00097	LSD1 zinc finger family protein	Regulation - Transcription & Translation	PlantCoding	AT4G20380	LSD1
AT1G20630	CAT1	fc00191	catalase 1	Signalling - Reactive oxygen species (ROS)	PlantCoding	AT1G20630	CAT1
AT4G35090	CAT2	fc00191	catalase 2	Signalling - Reactive oxygen species (ROS)	PlantCoding	AT4G35090	CAT2
AT1G06290	ACX3	fc00184	acyl-CoA oxidase 3	Hormone - Jasmonate (JA)	PlantCoding	AT1G06290	ACX3
AT2G35690	ACX5	fc00184	acyl-CoA oxidase 5	Hormone - Jasmonate (JA)	PlantCoding	AT2G35690	ACX5
AT4G16760	ACX1	fc00184	acyl-CoA oxidase 1	Hormone - Jasmonate (JA)	PlantCoding	AT4G16760	ACX1
AT5G65110	ACX2	fc00184	acyl-CoA oxidase 2	Hormone - Jasmonate (JA)	PlantCoding	AT5G65110	ACX2
AT2G42620	MAX2	fc00100	E3 ubiquitin ligase SCF complex F-box subunit; more axillary branches 2	Signalling - Perception and resistance genes	PlantCoding	AT2G42620	MAX2
AT3G03990	D14	fc00054	alpha/beta-Hydrolases superfamily protein	Hormone - Strigolactones (SL)	PlantCoding	AT3G03990	D14
D14|MAX2|SCF				Hormone - Strigolactones (SL)	Complex	D14|MAX2|SCF	D14|MAX2|SCF
AT2G27760	IPT2	fc00358	tRNAisopentenyltransferase 2	Hormone - Cytokinins (CK)	PlantCoding	AT2G27760	IPT2
AT5G20040	IPT9	fc00358	isopentenyltransferase 9	Hormone - Cytokinins (CK)	PlantCoding	AT5G20040	IPT9
AT5G03300	ADK2	fc00015	adenosine kinase 2	Hormone - Cytokinins (CK)	PlantCoding	AT5G03300	ADK2
AT3G09820	ADK1	fc00015	adenosine kinase 1	Hormone - Cytokinins (CK)	PlantCoding	AT3G09820	ADK1
cZ			cis-zeatin	Hormone - Cytokinins (CK)	Metabolite	cZ	cZ
AT2G36750	UGT73C1	fc00157	UDP-glucosyl transferase 73C1	Hormone - Cytokinins (CK)	PlantCoding	AT2G36750	UGT73C1
AT2G36800	DOGT1	fc00157	don-glucosyltransferase 1	Hormone - Cytokinins (CK)	PlantCoding	AT2G36800	DOGT1
AT1G22400	UGT85A1	fc00157	UDP-Glycosyltransferase superfamily protein	Hormone - Cytokinins (CK)	PlantCoding	AT1G22400	UGT85A1
AT5G05860	UGT76C2	fc00157	UDP-glucosyl transferase 76C2	Hormone - Cytokinins (CK)	PlantCoding	AT5G05860	UGT76C2
AT5G05870	UGT76C1	fc00157	UDP-glucosyl transferase 76C1	Hormone - Cytokinins (CK)	PlantCoding	AT5G05870	UGT76C1
AT3G26520	TIP1-2	fc00368	tonoplast intrinsic protein 2		PlantCoding	AT3G26520	TIP1-2
AT5G35750	HK2	fc00018	histidine kinase 2	Hormone - Cytokinins (CK)	PlantCoding	AT5G35750	HK2
AT1G27320	HK3	fc00018	histidine kinase 3	Hormone - Cytokinins (CK)	PlantCoding	AT1G27320	HK3
AT2G01830	WOL	fc00018	WOODEN LEG	Hormone - Cytokinins (CK)	PlantCoding	AT2G01830	WOL
AT1G09415	NIMIN-3	fc00114	NIM1-interacting 3	Hormone - Salicylic acid (SA)	PlantCoding	AT1G09415	NIMIN-3
AT3G25882	NIMIN-2	fc00114	NIM1-interacting 2	Hormone - Salicylic acid (SA)	PlantCoding	AT3G25882	NIMIN-2
AT1G02450	NIMIN1	fc00114	NIM1-interacting 1	Hormone - Salicylic acid (SA)	PlantCoding	AT1G02450	NIMIN1
AT1G01480	ACS2	fc00009	1-amino-cyclopropane-1-carboxylate synthase 2	Hormone - Ethylene (ET)	PlantCoding	AT1G01480	ACS2
AT2G22810	ACS4	fc00009	1-aminocyclopropane-1-carboxylate synthase 4	Hormone - Ethylene (ET)	PlantCoding	AT2G22810	ACS4
AT3G49700	ACS9	fc00009	1-aminocyclopropane-1-carboxylate synthase 9	Hormone - Ethylene (ET)	PlantCoding	AT3G49700	ACS9
AT3G61510	ACS1	fc00009	ACC synthase 1	Hormone - Ethylene (ET)	PlantCoding	AT3G61510	ACS1
AT4G08040	ACS11	fc00009	1-aminocyclopropane-1-carboxylate synthase 11	Hormone - Ethylene (ET)	PlantCoding	AT4G08040	ACS11
AT4G11280	ACS6	fc00009	1-aminocyclopropane-1-carboxylic acid (acc) synthase 6	Hormone - Ethylene (ET)	PlantCoding	AT4G11280	ACS6
AT4G26200	ACS7	fc00009	1-amino-cyclopropane-1-carboxylate synthase 7	Hormone - Ethylene (ET)	PlantCoding	AT4G26200	ACS7
AT4G37770	ACS8	fc00009	1-amino-cyclopropane-1-carboxylate synthase 8	Hormone - Ethylene (ET)	PlantCoding	AT4G37770	ACS8
AT5G65800	ACS5	fc00009	ACC synthase 5	Hormone - Ethylene (ET)	PlantCoding	AT5G65800	ACS5
AT1G77330	ACO5	fc00008	2-oxoglutarate (2OG) and Fe(II)-dependent oxygenase superfamily protein	Hormone - Ethylene (ET)	PlantCoding	AT1G77330	ACO5
AT1G05010	EFE	fc00008	ethylene-forming enzyme	Hormone - Ethylene (ET)	PlantCoding	AT1G05010	EFE
AT1G62380	ACO2	fc00008	ACC oxidase 2	Hormone - Ethylene (ET)	PlantCoding	AT1G62380	ACO2
AT1G12010	ACO3	fc00008	2-oxoglutarate (2OG) and Fe(II)-dependent oxygenase superfamily protein	Hormone - Ethylene (ET)	PlantCoding	AT1G12010	ACO3
AT2G19590	ACO1	fc00008	ACC oxidase 1	Hormone - Ethylene (ET)	PlantCoding	AT2G19590	ACO1
ET			Ethylene	Hormone - Ethylene (ET)	Metabolite	ET	ET
AT3G10050	OMR1	fc00117	threonine ammonia-lyase	Hormone - Jasmonate (JA)	PlantCoding	AT3G10050	OMR1
AT1G55020	LOX1	fc00096	lipoxygenase 1	Hormone - Jasmonate (JA)	PlantCoding	AT1G55020	LOX1
AT1G17420	LOX3	fc00096	lipoxygenase 3	Hormone - Jasmonate (JA)	PlantCoding	AT1G17420	LOX3
AT1G67560	LOX6	fc00096	lipoxygenase 6	Hormone - Jasmonate (JA)	PlantCoding	AT1G67560	LOX6
AT1G72520	LOX4	fc00096	lipoxygenase 4	Hormone - Jasmonate (JA)	PlantCoding	AT1G72520	LOX4
AT3G22400	LOX5	fc00096	PLAT/LH2 domain-containing lipoxygenase family protein	Hormone - Jasmonate (JA)	PlantCoding	AT3G22400	LOX5
AT3G45140	LOX2	fc00096	lipoxygenase 2	Hormone - Jasmonate (JA)	PlantCoding	AT3G45140	LOX2
AT5G42650	AOS	fc00022	hydroperoxide dehydratase	Hormone - Jasmonate (JA)	PlantCoding	AT5G42650	AOS
AT3G25770	AOC2	fc00021	allene oxide cyclase 2	Hormone - Jasmonate (JA)	PlantCoding	AT3G25770	AOC2
AT1G13280	AOC4	fc00021	allene oxide cyclase 4	Hormone - Jasmonate (JA)	PlantCoding	AT1G13280	AOC4
AT3G25780	AOC3	fc00021	allene oxide cyclase 3	Hormone - Jasmonate (JA)	PlantCoding	AT3G25780	AOC3
AT3G25760	AOC1	fc00021	allene oxide cyclase 1	Hormone - Jasmonate (JA)	PlantCoding	AT3G25760	AOC1
AT1G76680	OPR1	fc00119	12-oxophytodienoate reductase 1	Hormone - Jasmonate (JA)	PlantCoding	AT1G76680	OPR1
AT1G76690	OPR2	fc00119	12-oxophytodienoate reductase 2	Hormone - Jasmonate (JA)	PlantCoding	AT1G76690	OPR2
AT2G06050	OPR3	fc00119	oxophytodienoate-reductase 3	Hormone - Jasmonate (JA)	PlantCoding	AT2G06050	OPR3
potyvirus				Stress - Biotic	ForeignEntity	potyvirus	potyvirus
R-gene[unknown]	R-gene	fc00004	Resistance gene	Signalling - Perception and resistance genes	PlantAbstract	R-gene[unknown]	R-gene
AT1G06390	GSK1	fc00188	GSK3/SHAGGY-like protein kinase 1	Degradation - Ubiquitination	PlantCoding	AT1G06390	GSK1
AT5G20570	RBX1	fc00139	RING-box 1	Degradation - Ubiquitination	PlantCoding	AT5G20570	RBX1
AT3G42830	AT3G42830	fc00139	RING/U-box superfamily protein	Degradation - Ubiquitination	PlantCoding	AT3G42830	AT3G42830
AT1G75950	SKP1	fc00188	S phase kinase-associated protein 1	Degradation - Ubiquitination	PlantCoding	AT1G75950	SKP1
AT5G42190	SKP1B	fc00188	E3 ubiquitin ligase SCF complex subunit SKP1/ASK1 family protein	Degradation - Ubiquitination	PlantCoding	AT5G42190	SKP1B
AT1G43140	AT1G43140	fc00051	Cullin family protein	Degradation - Ubiquitination	PlantCoding	AT1G43140	AT1G43140
AT1G02980	CUL2	fc00051	cullin 2	Degradation - Ubiquitination	PlantCoding	AT1G02980	CUL2
AT4G02570	CUL1	fc00051	cullin 1	Degradation - Ubiquitination	PlantCoding	AT4G02570	CUL1
AT1G20510	OPCL1	fc00118	OPC-8:0 CoA ligase1	Hormone - Jasmonate (JA)	PlantCoding	AT1G20510	OPCL1
AT3G06860	MFP2	fc00102	multifunctional protein 2	Hormone - Jasmonate (JA)	PlantCoding	AT3G06860	MFP2
AT3G15290	AT3G15290	fc00102	3-hydroxyacyl-CoA dehydrogenase family protein	Hormone - Jasmonate (JA)	PlantCoding	AT3G15290	AT3G15290
AT4G29010	AIM1	fc00322	ABNORMAL INFLORESCENCE MERISTEM	Hormone - Salicylic acid (SA)	PlantCoding	AT4G29010	AIM1
AT1G04710	PKT4	fc00092	peroxisomal 3-ketoacyl-CoA thiolase  4	Hormone - Jasmonate (JA)	PlantCoding	AT1G04710	PKT4
AT2G33150	PKT3	fc00092	peroxisomal 3-ketoacyl-CoA thiolase 3	Hormone - Jasmonate (JA)	PlantCoding	AT2G33150	PKT3
AT5G48880	KAT5	fc00092	3-KETO-ACYL-COENZYME A THIOLASE 5	Hormone - Jasmonate (JA)	PlantCoding	AT5G48880	KAT5
AT2G30720	AT2G30720	fc00007	Thioesterase/thiol ester dehydrase-isomerase superfamily protein	Hormone - Jasmonate (JA)	PlantCoding	AT2G30720	AT2G30720
AT5G48370	AT5G48370	fc00007	Thioesterase/thiol ester dehydrase-isomerase superfamily protein	Hormone - Jasmonate (JA)	PlantCoding	AT5G48370	AT5G48370
JA			Jasmonic acid	Hormone - Jasmonate (JA)	Metabolite	JA	JA
AT1G19640	JMT	fc00089	jasmonate O-methyltransferase	Hormone - Jasmonate (JA)	PlantCoding	AT1G19640	JMT
AT4G03400	DFL2	fc00087	DWARF IN LIGHT 2	Hormone - Jasmonate (JA)	PlantCoding	AT4G03400	DFL2
AT2G46370	JAR1	fc00087	JASMONATE RESISTANT 1	Hormone - Jasmonate (JA)	PlantCoding	AT2G46370	JAR1
JA-Ile			Jasmonoyl-isoleucine	Hormone - Jasmonate (JA)	Metabolite	JA-Ile	JA-Ile
AT2G27690	CYP94C1	fc00053	cytochrome P450, family 94, subfamily C, polypeptide 1	Hormone - Jasmonate (JA)	PlantCoding	AT2G27690	CYP94C1
AT3G48520	CYP94B3	fc00053	cytochrome P450, family 94, subfamily B, polypeptide 3	Hormone - Jasmonate (JA)	PlantCoding	AT3G48520	CYP94B3
AT2G23560	MES7	fc00101	methyl esterase 7	Hormone - Salicylic acid (SA)	PlantCoding	AT2G23560	MES7
AT2G23580	MES4	fc00101	methyl esterase 4	Hormone - Salicylic acid (SA)	PlantCoding	AT2G23580	MES4
AT2G23600	MES2	fc00101	acetone-cyanohydrin lyase	Hormone - Salicylic acid (SA)	PlantCoding	AT2G23600	MES2
AT2G23620	MES1	fc00101	methyl esterase 1	Hormone - Salicylic acid (SA)	PlantCoding	AT2G23620	MES1
AT4G37150	MES9	fc00101	methyl esterase 9	Hormone - Salicylic acid (SA)	PlantCoding	AT4G37150	MES9
AT5G48160	OBE2	fc00344	potyvirus VPg interacting protein (DUF1423)	Signalling - Growth	PlantCoding	AT5G48160	OBE2
AT1G18870	ICS2	fc00084	isochorismate synthase 2	Hormone - Salicylic acid (SA)	PlantCoding	AT1G18870	ICS2
AT1G74710	EDS16	fc00084	ENHANCED DISEASE SUSCEPTIBILITY TO ERYSIPHE ORONTII 16	Hormone - Salicylic acid (SA)	PlantCoding	AT1G74710	EDS16
AT3G29200	CM1	fc00044	chorismate mutase 1	Hormone - Salicylic acid (SA)	PlantCoding	AT3G29200	CM1
AT1G69370	CM3	fc00044	chorismate mutase 3	Hormone - Salicylic acid (SA)	PlantCoding	AT1G69370	CM3
AT5G10870	CM2	fc00044	chorismate mutase 2	Hormone - Salicylic acid (SA)	PlantCoding	AT5G10870	CM2
AT5G04230	PAL3	fc00124	phenyl alanine ammonia-lyase 3	Hormone - Salicylic acid (SA)	PlantCoding	AT5G04230	PAL3
AT3G53260	PAL2	fc00124	phenylalanine ammonia-lyase 2	Hormone - Salicylic acid (SA)	PlantCoding	AT3G53260	PAL2
AT2G37040	PAL1	fc00124	PHE ammonia lyase 1	Hormone - Salicylic acid (SA)	PlantCoding	AT2G37040	PAL1
AT3G10340	PAL4	fc00124	phenylalanine ammonia-lyase 4	Hormone - Salicylic acid (SA)	PlantCoding	AT3G10340	PAL4
AT1G04580	AO4	fc00006	aldehyde oxidase 4	Hormone - Salicylic acid (SA)	PlantCoding	AT1G04580	AO4
AT2G27150	AAO3	fc00006	abscisic aldehyde oxidase 3	Hormone - Salicylic acid (SA)	PlantCoding	AT2G27150	AAO3
AT5G20960	AO1	fc00006	aldehyde oxidase 1	Hormone - Salicylic acid (SA)	PlantCoding	AT5G20960	AO1
BA2H[unknown]	BA2H	fc00001	Thioester hydrolase	Hormone - Salicylic acid (SA)	PlantAbstract	BA2H[unknown]	BA2H
AT1G01360	RCAR1	fc00313	regulatory component of ABA receptor 1	Signalling - Perception and resistance genes	PlantCoding	AT1G01360	RCAR1
AT2G40330	PYL6	fc00313	PYR1-like 6	Signalling - Perception and resistance genes	PlantCoding	AT2G40330	PYL6
AT1G34065	SAMC2	fc00145	S-adenosylmethionine carrier 2	Hormone - Salicylic acid (SA)	PlantCoding	AT1G34065	SAMC2
AT4G39460	SAMC1	fc00145	S-adenosylmethionine carrier 1	Hormone - Salicylic acid (SA)	PlantCoding	AT4G39460	SAMC1
AT3G61960	ATG1A	fc00331	Protein kinase superfamily protein	Degradation - Autophagy	PlantCoding	AT3G61960	ATG1A
AT2G43840	UGT74F1	fc00143	UDP-glycosyltransferase 74 F1	Hormone - Salicylic acid (SA)	PlantCoding	AT2G43840	UGT74F1
AT2G43820	UGT74F2	fc00143	UDP-glucosyltransferase 74F2	Hormone - Salicylic acid (SA)	PlantCoding	AT2G43820	UGT74F2
AT5G18100	CSD3	fc00151	copper/zinc superoxide dismutase 3	Signalling - Reactive oxygen species (ROS)	PlantCoding	AT5G18100	CSD3
ROS			Reactive oxygen species	Signalling - Reactive oxygen species (ROS)	Metabolite	ROS	ROS
AT1G12520	CCS	fc00151	copper chaperone for SOD1	Signalling - Reactive oxygen species (ROS)	PlantCoding	AT1G12520	CCS
AT3G56350	MSD2	fc00151	Iron/manganese superoxide dismutase family protein	Signalling - Reactive oxygen species (ROS)	PlantCoding	AT3G56350	MSD2
AT1G08830	CSD1	fc00151	copper/zinc superoxide dismutase 1	Signalling - Reactive oxygen species (ROS)	PlantCoding	AT1G08830	CSD1
AT2G28190	CSD2	fc00151	copper/zinc superoxide dismutase 2	Signalling - Reactive oxygen species (ROS)	PlantCoding	AT2G28190	CSD2
O2			Oxygen	Signalling - Reactive oxygen species (ROS)	Metabolite	O2	O2
AT5G60010	RBOHH	fc00315	ferric reductase-like transmembrane component family protein	Signalling - Reactive oxygen species (ROS)	PlantCoding	AT5G60010	RBOHH
AT5G51060	RHD2	fc00315	ROOT HAIR DEFECTIVE 2	Signalling - Reactive oxygen species (ROS)	PlantCoding	AT5G51060	RHD2
AT5G47910	RBOHD	fc00315	respiratory burst oxidase homologue D	Signalling - Reactive oxygen species (ROS)	PlantCoding	AT5G47910	RBOHD
AT5G07390	RBOHA	fc00315	respiratory burst oxidase homolog A	Signalling - Reactive oxygen species (ROS)	PlantCoding	AT5G07390	RBOHA
AT4G25090	RBOHG	fc00315	Riboflavin synthase-like superfamily protein	Signalling - Reactive oxygen species (ROS)	PlantCoding	AT4G25090	RBOHG
AT4G11230	RBOHI	fc00315	Riboflavin synthase-like superfamily protein	Signalling - Reactive oxygen species (ROS)	PlantCoding	AT4G11230	RBOHI
AT3G45810	RBOHJ	fc00315	ferric reductase-like transmembrane component family protein	Signalling - Reactive oxygen species (ROS)	PlantCoding	AT3G45810	RBOHJ
AT1G64060	RBOH F	fc00315	respiratory burst oxidase protein F	Signalling - Reactive oxygen species (ROS)	PlantCoding	AT1G64060	RBOH F
AT1G19230	RBOHE	fc00315	Riboflavin synthase-like superfamily protein	Signalling - Reactive oxygen species (ROS)	PlantCoding	AT1G19230	RBOHE
AT1G09090	RBOHB	fc00315	respiratory burst oxidase homolog B	Signalling - Reactive oxygen species (ROS)	PlantCoding	AT1G09090	RBOHB
CO2-deficiency			ROS processes.	Signalling - Reactive oxygen species (ROS)	Process	CO2-deficiency	CO2-deficiency
AT4G02780	CPS	fc00301	ent-copalyl diphosphate synthase	Hormone - Gibberellin (GA)	PlantCoding	AT4G02780	CPS
AT1G79460	KS	fc00094	ent-kaurene synthase	Hormone - Gibberellin (GA)	PlantCoding	AT1G79460	KS
AT5G25900	KO	fc00093	ent-kaurene oxidase	Hormone - Gibberellin (GA)	PlantCoding	AT5G25900	KO
AT1G05160	CYP88A3	fc00091	cytochrome P450, family 88, subfamily A, polypeptide 3	Hormone - Gibberellin (GA)	PlantCoding	AT1G05160	CYP88A3
AT2G32440	KAO2	fc00091	ent-kaurenoic acid hydroxylase 2	Hormone - Gibberellin (GA)	PlantCoding	AT2G32440	KAO2
AT1G44090	GA20OX5	fc00302	gibberellin 20-oxidase 5	Hormone - Gibberellin (GA)	PlantCoding	AT1G44090	GA20OX5
AT1G60980	GA20OX4	fc00302	gibberellin 20-oxidase 4	Hormone - Gibberellin (GA)	PlantCoding	AT1G60980	GA20OX4
AT4G25420	GA20OX1	fc00302	2-oxoglutarate (2OG) and Fe(II)-dependent oxygenase superfamily protein	Hormone - Gibberellin (GA)	PlantCoding	AT4G25420	GA20OX1
AT5G07200	GA20OX3	fc00302	gibberellin 20-oxidase 3	Hormone - Gibberellin (GA)	PlantCoding	AT5G07200	GA20OX3
AT5G51810	GA20OX2	fc00302	gibberellin 20 oxidase 2	Hormone - Gibberellin (GA)	PlantCoding	AT5G51810	GA20OX2
AT1G15550	GA3OX1	fc00303	gibberellin 3-oxidase 1	Hormone - Gibberellin (GA)	PlantCoding	AT1G15550	GA3OX1
AT1G80330	GA3OX4	fc00303	gibberellin 3-oxidase 4	Hormone - Gibberellin (GA)	PlantCoding	AT1G80330	GA3OX4
AT1G80340	GA3OX2	fc00303	gibberellin 3-oxidase 2	Hormone - Gibberellin (GA)	PlantCoding	AT1G80340	GA3OX2
AT4G21690	GA3OX3	fc00303	gibberellin 3-oxidase 3	Hormone - Gibberellin (GA)	PlantCoding	AT4G21690	GA3OX3
AT1G02400	GA2OX6	fc00035	gibberellin 2-oxidase 6	Hormone - Gibberellin (GA)	PlantCoding	AT1G02400	GA2OX6
AT2G34555	ATGA2OX3	fc00035	gibberellin 2-oxidase 3	Hormone - Gibberellin (GA)	PlantCoding	AT2G34555	ATGA2OX3
AT1G30040	GA2OX2	fc00035	gibberellin 2-oxidase	Hormone - Gibberellin (GA)	PlantCoding	AT1G30040	GA2OX2
AT1G47990	GA2OX4	fc00035	gibberellin 2-oxidase 4	Hormone - Gibberellin (GA)	PlantCoding	AT1G47990	GA2OX4
AT1G78440	ATGA2OX1	fc00035	Arabidopsis thaliana gibberellin 2-oxidase 1	Hormone - Gibberellin (GA)	PlantCoding	AT1G78440	ATGA2OX1
AT4G26420	GAMT1	fc00077	S-adenosyl-L-methionine-dependent methyltransferases superfamily protein	Hormone - Gibberellin (GA)	PlantCoding	AT4G26420	GAMT1
AT5G56300	GAMT2	fc00077	gibberellic acid methyltransferase 2	Hormone - Gibberellin (GA)	PlantCoding	AT5G56300	GAMT2
AT1G03055	D27	fc00046	beta-carotene isomerase D27-like protein	Hormone - Strigolactones (SL)	PlantCoding	AT1G03055	D27
AT2G26170	MAX1	fc00099	cytochrome P450, family 711, subfamily A, polypeptide 1; more axillary branches 1	Hormone - Strigolactones (SL)	PlantCoding	AT2G26170	MAX1
AT4G34350	ISPH	fc00085	4-hydroxy-3-methylbut-2-enyl diphosphate reductase	Hormone - Cytokinins (CK)	PlantCoding	AT4G34350	ISPH
AT1G68460	IPT1	fc00307	isopentenyltransferase 1	Hormone - Cytokinins (CK)	PlantCoding	AT1G68460	IPT1
AT3G63110	IPT3	fc00307	isopentenyltransferase 3	Hormone - Cytokinins (CK)	PlantCoding	AT3G63110	IPT3
AT5G19040	IPT5	fc00307	isopentenyltransferase 5	Hormone - Cytokinins (CK)	PlantCoding	AT5G19040	IPT5
AT3G23630	IPT7	fc00307	isopentenyltransferase 7	Hormone - Cytokinins (CK)	PlantCoding	AT3G23630	IPT7
AT1G25410	IPT6	fc00307	isopentenyltransferase 6	Hormone - Cytokinins (CK)	PlantCoding	AT1G25410	IPT6
AT3G19160	IPT8	fc00307	ATP/ADP isopentenyltransferases	Hormone - Cytokinins (CK)	PlantCoding	AT3G19160	IPT8
AT4G24650	IPT4	fc00307	isopentenyltransferase 4	Hormone - Cytokinins (CK)	PlantCoding	AT4G24650	IPT4
AT2G44810	DAD1	fc00387	Chloroplastic phospholipase A1	Hormone - Jasmonate (JA)	PlantCoding	AT2G44810	DAD1
Growth				Signalling - Growth	Process	Growth	Growth
AT1G70480	JASSY	fc00190	OPDA exporting chloroplast membrane protein	Hormone - Jasmonate (JA)	PlantCoding	AT1G70480	JASSY
AT2G27050	EIL1	fc00063	ETHYLENE-INSENSITIVE3-like 1	Hormone - Ethylene (ET)	PlantCoding	AT2G27050	EIL1
AT3G20770	EIN3	fc00063	ETHYLENE-INSENSITIVE3	Hormone - Ethylene (ET)	PlantCoding	AT3G20770	EIN3
COI1|JA-Ile|SCF				Hormone - Jasmonate (JA)	Complex	COI1|JA-Ile|SCF	COI1|JA-Ile|SCF
Phenolics production			Phenolic compounds  (such as coumaric acid) production, leading towards alkaloids, and the destruction of pathogens/insects. 	Stress - Biotic	Process	Phenolics production	Phenolics production
AT5G38450	CYP735A1	fc00052	cytochrome P450, family 735, subfamily A, polypeptide 1	Hormone - Cytokinins (CK)	PlantCoding	AT5G38450	CYP735A1
AT1G67110	CYP735A2	fc00052	cytochrome P450, family 735, subfamily A, polypeptide 2	Hormone - Cytokinins (CK)	PlantCoding	AT1G67110	CYP735A2
AT4G19395	miR168	fc00334	microRNA 168A	Regulation - Silencing	PlantNonCoding	AT4G19395	miR168
NPR1|NPR1				Hormone - Salicylic acid (SA)	Complex	NPR1|NPR1	NPR1|NPR1
AT5G42980	TRX3	fc00155	thioredoxin 3	Hormone - Salicylic acid (SA)	PlantCoding	AT5G42980	TRX3
AT1G45145	TRX5	fc00155	thioredoxin H-type 5	Hormone - Salicylic acid (SA)	PlantCoding	AT1G45145	TRX5
EBF|SCF				Hormone - Ethylene (ET)	Complex	EBF|SCF	EBF|SCF
Anthocyanin-accumulation			Accumulation of anthocynanins.	Secondary metabolism - Anthocyanins	Process	Anthocyanin-accumulation	Anthocyanin-accumulation
Trichome-initiation			Initiation of trichome growth.	Secondary metabolism - Terpenoids	Process	Trichome-initiation	Trichome-initiation
AT3G17185	SORF24	fc00175	TAS3/TASIR-ARF (TRANS-ACTING SIRNA3); other RNA	Regulation - Silencing	PlantNonCoding	AT3G17185	SORF24
AT1G19850	MP	fc00187	MONOPTEROS	Hormone - Auxins (AUX)	PlantCoding	AT1G19850	MP
AT2G33860	ETT	fc00187	ETTIN	Hormone - Auxins (AUX)	PlantCoding	AT2G33860	ETT
AT5G60450	ARF4	fc00187	auxin response factor 4	Hormone - Auxins (AUX)	PlantCoding	AT5G60450	ARF4
AT5G62000	ARF2	fc00187	auxin response factor 2	Hormone - Auxins (AUX)	PlantCoding	AT5G62000	ARF2
AT5G49615	TAS3B	fc00175	TAS3b (trans-acting siRNA 3b); other RNA	Regulation - Silencing	PlantNonCoding	AT5G49615	TAS3B
AT4G12570	UPL5	fc00159	ubiquitin protein ligase, HECT E3 class	Degradation - Ubiquitination	PlantCoding	AT4G12570	UPL5
AT1G32350	AOX1D	fc00023	alternative oxidase 1D	Primary metabolism - Respiration	PlantCoding	AT1G32350	AOX1D
AT3G22370	AOX1A	fc00023	alternative oxidase 1A	Primary metabolism - Respiration	PlantCoding	AT3G22370	AOX1A
AT5G67385	SR1IP1	fc00152	SR1/CAMPTA3 interacting protein	Degradation - Ubiquitination	PlantCoding	AT5G67385	SR1IP1
AT2G22300	CAMTA3	fc00036	calmodulin-binding transcription activator 3	Signalling - Calcium	PlantCoding	AT2G22300	CAMTA3
AT3G09640	APX2	fc00025	ascorbate peroxidase 2	Signalling - Reactive oxygen species (ROS)	PlantCoding	AT3G09640	APX2
AT4G35000	APX3	fc00025	ascorbate peroxidase 3	Signalling - Reactive oxygen species (ROS)	PlantCoding	AT4G35000	APX3
AT1G07890	APX1	fc00025	ascorbate peroxidase 1	Signalling - Reactive oxygen species (ROS)	PlantCoding	AT1G07890	APX1
AT4G35970	APX5	fc00025	ascorbate peroxidase 5	Signalling - Reactive oxygen species (ROS)	PlantCoding	AT4G35970	APX5
AT4G32320	APX6	fc00025	ascorbate peroxidase 6	Signalling - Reactive oxygen species (ROS)	PlantCoding	AT4G32320	APX6
AT4G09010	APX4	fc00025	thylakoid lumen 29	Signalling - Reactive oxygen species (ROS)	PlantCoding	AT4G09010	APX4
AT2G25080	GPX1	fc00078	glutathione peroxidase 1	Signalling - Reactive oxygen species (ROS)	PlantCoding	AT2G25080	GPX1
AT2G31570	GPX2	fc00078	glutathione peroxidase 2	Signalling - Reactive oxygen species (ROS)	PlantCoding	AT2G31570	GPX2
AT2G43350	GPX3	fc00078	glutathione peroxidase 3	Signalling - Reactive oxygen species (ROS)	PlantCoding	AT2G43350	GPX3
AT2G48150	GPX4	fc00078	glutathione peroxidase 4	Signalling - Reactive oxygen species (ROS)	PlantCoding	AT2G48150	GPX4
AT3G63080	GPX5	fc00078	glutathione peroxidase 5	Signalling - Reactive oxygen species (ROS)	PlantCoding	AT3G63080	GPX5
AT4G11600	GPX6	fc00078	glutathione peroxidase 6	Signalling - Reactive oxygen species (ROS)	PlantCoding	AT4G11600	GPX6
AT4G31870	GPX7	fc00078	glutathione peroxidase 7	Signalling - Reactive oxygen species (ROS)	PlantCoding	AT4G31870	GPX7
AT1G63460	GPX8	fc00078	glutathione peroxidase 8	Signalling - Reactive oxygen species (ROS)	PlantCoding	AT1G63460	GPX8
Waterlogging				Stress - Waterlogging	ForeignAbiotic	Waterlogging	Waterlogging
O2-deficiency				Primary metabolism - Respiration	Process	O2-deficiency	O2-deficiency
RISC - vsiRNA			RNA-induced silencing complex	Regulation - Silencing	Complex	RISC - vsiRNA	RISC - vsiRNA
AT1G73687	MIR159A	fc00176	microRNA159A	Regulation - Silencing	PlantNonCoding	AT1G73687	MIR159A
AT3G11440	MYB65	fc00309	myb domain protein 65	Secondary metabolism - Anthocyanins	PlantCoding	AT3G11440	MYB65
AT5G06100	MYB33	fc00309	myb domain protein 33	Secondary metabolism - Anthocyanins	PlantCoding	AT5G06100	MYB33
AT5G67300	MYBR1	fc00309	myb domain protein r1	Secondary metabolism - Anthocyanins	PlantCoding	AT5G67300	MYBR1
AT1G18075	MIR159B	fc00176	microRNA159B	Regulation - Silencing	PlantNonCoding	AT1G18075	MIR159B
D53[OS11G0104300]	D53	fc00055	Protein DWARF 53	Hormone - Strigolactones (SL)	PlantCoding	D53[OS11G0104300]	D53
AT5G44790	RAN1	fc00082	RESPONSIVE-TO-ANTAGONIST 1	Hormone - Ethylene (ET)	PlantCoding	AT5G44790	RAN1
Cu2+			Copper	Hormone - Ethylene (ET)	Metabolite	Cu2+	Cu2+
AT1G63440	HMA5	fc00082	heavy metal atpase 5	Hormone - Ethylene (ET)	PlantCoding	AT1G63440	HMA5
AT4G39850	CTS	fc00050	ATP-binding cassette D1	Hormone - Jasmonate (JA)	PlantCoding	AT4G39850	CTS
AT2G39350	JAT2	fc00005	ABC-2 type transporter family protein	Hormone - Jasmonate (JA)	PlantCoding	AT2G39350	JAT2
AT4G02150	MOS6	fc00105	MODIFIER OF SNC1, 6	Hormone - Salicylic acid (SA)	PlantCoding	AT4G02150	MOS6
AT5G05680	MOS7	fc00105	MODIFIER OF SNC1,7	Hormone - Salicylic acid (SA)	PlantCoding	AT5G05680	MOS7
AT1G80680	SAR3	fc00105	SUPPRESSOR OF AUXIN RESISTANCE 3	Hormone - Salicylic acid (SA)	PlantCoding	AT1G80680	SAR3
AT2G26070	RTE1	fc00142	protein REVERSION-TO-ETHYLENE SENSITIVITY-like protein (DUF778)	Hormone - Ethylene (ET)	PlantCoding	AT2G26070	RTE1
CTR|ETR				Hormone - Ethylene (ET)	Complex	CTR|ETR	CTR|ETR
ETP|SCF				Hormone - Ethylene (ET)	Complex	ETP|SCF	ETP|SCF
AT5G03280	EIN2	fc00062	EIN2 transporter, NRAMP metal ion transporter family protein	Hormone - Ethylene (ET)	PlantCoding	AT5G03280	EIN2
AT4G01370	MPK4	fc00106	mitogen-activated protein (MAP) kinase 4	Signalling - MAP kinases (MAPKs)	PlantCoding	AT4G01370	MPK4
VISO[unknown]	VISO	fc00420	Violaxanthin isomerase	Hormone - Abscisic acid (ABA))	PlantAbstract	VISO[unknown]	VISO
AT4G17490	ERF6	fc00072	ethylene response factor 6	Hormone - Ethylene (ET)	PlantCoding	AT4G17490	ERF6
Heat				Stress - Heat	ForeignAbiotic	Heat	Heat
AT5G61270	PIF7	fc00393	phytochrome-interacting factor	Signalling - Growth	PlantCoding	AT5G61270	PIF7
ABA			Abscisic acid	Signalling - MAP kinases (MAPKs)	Metabolite	ABA	ABA
AT5G47230	ERF5	fc00071	ethylene response factor 5	Hormone - Ethylene (ET)	PlantCoding	AT5G47230	ERF5
AT1G52340	ABA2	fc00019	NAD(P)-binding Rossmann-fold superfamily protein	Hormone - Abscisic acid (ABA)	PlantCoding	AT1G52340	ABA2
AT5G61600	ERF104	fc00069	ethylene response factor 104	Hormone - Ethylene (ET)	PlantCoding	AT5G61600	ERF104
AT1G30100	NCED5	fc00020	nine-cis-epoxycarotenoid dioxygenase 5	Hormone - Abscisic acid (ABA)	PlantCoding	AT1G30100	NCED5
AT1G78390	NCED9	fc00020	nine-cis-epoxycarotenoid dioxygenase 9	Hormone - Abscisic acid (ABA)	PlantCoding	AT1G78390	NCED9
AT3G14440	NCED3	fc00020	nine-cis-epoxycarotenoid dioxygenase 3	Hormone - Abscisic acid (ABA)	PlantCoding	AT3G14440	NCED3
AT3G24220	NCED6	fc00020	nine-cis-epoxycarotenoid dioxygenase 6	Hormone - Abscisic acid (ABA)	PlantCoding	AT3G24220	NCED6
AT4G18350	NCED2	fc00020	nine-cis-epoxycarotenoid dioxygenase 2	Hormone - Abscisic acid (ABA)	PlantCoding	AT4G18350	NCED2
AT4G19170	NCED4	fc00020	nine-cis-epoxycarotenoid dioxygenase 4	Hormone - Abscisic acid (ABA)	PlantCoding	AT4G19170	NCED4
AT5G51190	ERF105	fc00070	ethylene response factor 105	Hormone - Ethylene (ET)	PlantCoding	AT5G51190	ERF105
AT1G08550	VDE1	fc00026	non-photochemical quenching 1	Hormone - Abscisic acid (ABA)	PlantCoding	AT1G08550	VDE1
AT1G28480	GRX480	fc00079	glutaredoxin	Signalling - Reactive oxygen species (ROS)	PlantCoding	AT1G28480	GRX480
AT1G21250	WAK1	fc00161	cell wall-associated kinase	Signalling - Perception and resistance genes	PlantCoding	AT1G21250	WAK1
AT1G21270	WAK2	fc00161	wall-associated kinase 2	Signalling - Perception and resistance genes	PlantCoding	AT1G21270	WAK2
AT5G34930	TYRA1	fc00327	arogenate dehydrogenase	Primary metabolism - Amino-acids	PlantCoding	AT5G34930	TYRA1
AT1G15710	TYRA2	fc00327	prephenate dehydrogenase family protein	Primary metabolism - Amino-acids	PlantCoding	AT1G15710	TYRA2
AT1G35670	CDPK2	fc00223	calcium-dependent protein kinase 2	Signalling - Calcium	PlantCoding	AT1G35670	CDPK2
AT2G17290	CDPK3	fc00223	Calcium-dependent protein kinase family protein	Signalling - Calcium	PlantCoding	AT2G17290	CDPK3
AT3G10660	CPK2	fc00223	calmodulin-domain protein kinase cdpk isoform 2	Signalling - Calcium	PlantCoding	AT3G10660	CPK2
AT4G09570	CPK4	fc00223	calcium-dependent protein kinase 4	Signalling - Calcium	PlantCoding	AT4G09570	CPK4
AT4G35310	CPK5	fc00223	calmodulin-domain protein kinase 5	Signalling - Calcium	PlantCoding	AT4G35310	CPK5
AT5G04870	CPK1	fc00223	calcium dependent protein kinase 1	Signalling - Calcium	PlantCoding	AT5G04870	CPK1
AT5G67030	ZEP	fc00027	zeaxanthin epoxidase	Hormone - Abscisic acid (ABA)	PlantCoding	AT5G67030	ZEP
CML|Ca2+				Signalling - Calcium	Complex	CML|Ca2+	CML|Ca2+
AT4G25700	BETA-OHASE 1	fc00012	beta-hydroxylase 1	Hormone - Abscisic acid (ABA)	PlantCoding	AT4G25700	BETA-OHASE 1
AT5G52570	BETA-OHASE 2	fc00012	beta-carotene hydroxylase 2	Hormone - Abscisic acid (ABA)	PlantCoding	AT5G52570	BETA-OHASE 2
AT1G31800	CYP97A3	fc00012	cytochrome P450, family 97, subfamily A, polypeptide 3	Hormone - Abscisic acid (ABA)	PlantCoding	AT1G31800	CYP97A3
AT3G10230	LCY1	fc00010	lycopene cyclase	Secondary metabolism - Terpenoids	PlantCoding	AT3G10230	LCY1
AT5G46350	WRKY8	fc00173	WRKY family transcription factor 8	Regulation - Transcription & Translation	PlantCoding	AT5G46350	WRKY8
AT4G18170	WRKY28	fc00164	WRKY family transcription factor 28	Regulation - Transcription & Translation	PlantCoding	AT4G18170	WRKY28
AT5G49520	WRKY48	fc00168	WRKY family transcription factor 48	Regulation - Transcription & Translation	PlantCoding	AT5G49520	WRKY48
AT5G26920	CBP60G	fc00039	CAM-binding protein 60-like G; calmodulin binding	Signalling - Calcium	PlantCoding	AT5G26920	CBP60G
AT3G04870	ZDS1	fc00028	zeta-carotene desaturase	Secondary metabolism - Terpenoids	PlantCoding	AT3G04870	ZDS1
AT2G39660	BIK1	fc00034	botrytis-induced kinase1	Signalling - Perception and resistance genes	PlantCoding	AT2G39660	BIK1
AT1G03430	AHP5	fc00185	histidine-containing phosphotransfer factor 5	Hormone - Cytokinins (CK)	PlantCoding	AT1G03430	AHP5
AT1G80100	AHP6	fc00185	histidine phosphotransfer protein 6	Hormone - Cytokinins (CK)	PlantCoding	AT1G80100	AHP6
AT3G16360	AHP4	fc00185	HPT phosphotransmitter 4	Hormone - Cytokinins (CK)	PlantCoding	AT3G16360	AHP4
AT3G21510	AHP1	fc00185	histidine-containing phosphotransmitter 1	Hormone - Cytokinins (CK)	PlantCoding	AT3G21510	AHP1
AT3G29350	AHP2	fc00185	histidine-containing phosphotransmitter 2	Hormone - Cytokinins (CK)	PlantCoding	AT3G29350	AHP2
AT5G39340	AHP3	fc00185	histidine-containing phosphotransmitter 3	Hormone - Cytokinins (CK)	PlantCoding	AT5G39340	AHP3
AT2G25180	RR12	fc00030	response regulator 12	Hormone - Cytokinins (CK)	PlantCoding	AT2G25180	RR12
AT4G16110	RR2	fc00030	response regulator 2	Hormone - Cytokinins (CK)	PlantCoding	AT4G16110	RR2
AT3G16857	RR1	fc00030	response regulator 1	Hormone - Cytokinins (CK)	PlantCoding	AT3G16857	RR1
AT2G01760	RR14	fc00030	response regulator 14	Hormone - Cytokinins (CK)	PlantCoding	AT2G01760	RR14
AT4G31920	RR10	fc00030	response regulator 10	Hormone - Cytokinins (CK)	PlantCoding	AT4G31920	RR10
AT1G49190	RR19	fc00030	response regulator 19	Hormone - Cytokinins (CK)	PlantCoding	AT1G49190	RR19
AT5G07210	RR21	fc00030	response regulator 21	Hormone - Cytokinins (CK)	PlantCoding	AT5G07210	RR21
AT3G62670	RR20	fc00030	response regulator 20	Hormone - Cytokinins (CK)	PlantCoding	AT3G62670	RR20
AT1G67710	ARR11	fc00030	response regulator 11	Hormone - Cytokinins (CK)	PlantCoding	AT1G67710	ARR11
AT2G27070	RR13	fc00030	response regulator 13	Hormone - Cytokinins (CK)	PlantCoding	AT2G27070	RR13
AT5G58080	RR18	fc00030	response regulator 18	Hormone - Cytokinins (CK)	PlantCoding	AT5G58080	RR18
WD/bHLH/MYB			WD/bHLH/MYB	Regulation - Transcription & Translation	Complex	WD/bHLH/MYB	WD/bHLH/MYB
AT1G54490	EIN5	fc00064	exoribonuclease 4	Hormone - Ethylene (ET)	PlantCoding	AT1G54490	EIN5
AT5G25350	EBF2	fc00058	EIN3-binding F box protein 2	Hormone - Ethylene (ET)	PlantCoding	AT5G25350	EBF2
AT2G25490	EBF1	fc00058	EIN3-binding F box protein 1	Hormone - Ethylene (ET)	PlantCoding	AT2G25490	EBF1
AT5G47220	ERF2	fc00066	ethylene responsive element binding factor 2	Hormone - Ethylene (ET)	PlantCoding	AT5G47220	ERF2
AT3G23240	ERF1	fc00068	ethylene response factor 1	Hormone - Ethylene (ET)	PlantCoding	AT3G23240	ERF1
AT3G23230	TDR1	fc00066	Transcriptional Regulator of Defense Response 1	Hormone - Ethylene (ET)	PlantCoding	AT3G23230	TDR1
AT2G44840	ERF13	fc00066	ethylene-responsive element binding factor 13	Hormone - Ethylene (ET)	PlantCoding	AT2G44840	ERF13
AT1G13260	RAV1	fc00066	related to ABI3/VP1 1	Hormone - Ethylene (ET)	PlantCoding	AT1G13260	RAV1
AT1G04370	ERF14	fc00066	Ethylene-responsive element binding factor 14	Hormone - Ethylene (ET)	PlantCoding	AT1G04370	ERF14
AT4G17500	ERF-1	fc00068	ethylene responsive element binding factor 1	Hormone - Ethylene (ET)	PlantCoding	AT4G17500	ERF-1
AT3G23220	ESE1	fc00066	ethylene and salt inducible 1	Hormone - Ethylene (ET)	PlantCoding	AT3G23220	ESE1
AT3G25730	EDF3	fc00066	ethylene response DNA binding factor 3	Hormone - Ethylene (ET)	PlantCoding	AT3G25730	EDF3
AT1G25560	TEM1	fc00066	TEMPRANILLO 1	Hormone - Ethylene (ET)	PlantCoding	AT1G25560	TEM1
AT5G43410	ERF096	fc00067	ethylene response factor 96	Hormone - Ethylene (ET)	PlantCoding	AT5G43410	ERF096
AT3G12500	PR3	fc00130	basic chitinase	Hormone - Ethylene (ET)	PlantCoding	AT3G12500	PR3
AT3G04720	PR4	fc00131	pathogenesis-related 4	Hormone - Ethylene (ET)	PlantCoding	AT3G04720	PR4
AT5G44420	PDF1.2	fc00127	plant defensin 1.2	Hormone - Ethylene (ET)	PlantCoding	AT5G44420	PDF1.2
AT2G26020	PDF1.2B	fc00127	plant defensin 1.2b	Hormone - Ethylene (ET)	PlantCoding	AT2G26020	PDF1.2B
AT5G44430	PDF1.2C	fc00127	plant defensin 1.2C	Hormone - Ethylene (ET)	PlantCoding	AT5G44430	PDF1.2C
AT3G22830	HSFA6b	fc00390	Heat stress transcription factor A-6	Signalling - Heat-shock proteins (HSPs)	PlantCoding	AT3G22830	HSFA6b
Thermotolerance				Stress - Heat	Process	Thermotolerance	Thermotolerance
AT2G46510	AIB	fc00086	ABA-inducible BHLH-type transcription factor	Hormone - Jasmonate (JA)	PlantCoding	AT2G46510	AIB
AT1G01260	BHLH013	fc00086	basic helix-loop-helix (bHLH) DNA-binding superfamily protein	Hormone - Jasmonate (JA)	PlantCoding	AT1G01260	BHLH013
AT4G16430	JAM3	fc00086	basic helix-loop-helix (bHLH) DNA-binding superfamily protein	Hormone - Jasmonate (JA)	PlantCoding	AT4G16430	JAM3
AT1G19670	CLH	fc00043	chlorophyllase 1	Hormone - Jasmonate (JA)	PlantCoding	AT1G19670	CLH
AT3G16470	JR1	fc00090	jacalin-related lectin 35	Hormone - Jasmonate (JA)	PlantCoding	AT3G16470	JR1
AT1G72260	PR13	fc00128	thionin	Hormone - Jasmonate (JA)	PlantCoding	AT1G72260	PR13
AT5G24780	VSP1	fc00160	vegetative storage protein 1	Hormone - Jasmonate (JA)	PlantCoding	AT5G24780	VSP1
AT5G24770	VSP2	fc00160	vegetative storage protein 2	Hormone - Jasmonate (JA)	PlantCoding	AT5G24770	VSP2
AT5G03730	CTR	fc00049	Protein kinase superfamily protein	Hormone - Ethylene (ET)	PlantCoding	AT5G03730	CTR
AT3G56400	WRKY70	fc00172	WRKY family transcription factor 70	Regulation - Transcription & Translation	PlantCoding	AT3G56400	WRKY70
AT2G14580	PRB1	fc00312	basic pathogenesis-related protein 1	Hormone - Salicylic acid (SA)	PlantCoding	AT2G14580	PRB1
AT2G14610	PR1	fc00312	pathogenesis-related gene 1	Hormone - Salicylic acid (SA)	PlantCoding	AT2G14610	PR1
AT3G57260	PR2	fc00129	pathogenesis-related protein 2; beta 1,3-glucanase	Hormone - Salicylic acid (SA)	PlantCoding	AT3G57260	PR2
AT2G38325	MIR390A	fc00174	microRNA390A	Regulation - Silencing	PlantNonCoding	AT2G38325	MIR390A
AT5G58465	MIR390B	fc00174	microRNA390B	Regulation - Silencing	PlantNonCoding	AT5G58465	MIR390B
AT4G14210	PDS	fc00031	phytoene desaturase 3	Secondary metabolism - Terpenoids	PlantCoding	AT4G14210	PDS
AT4G08500	MAPKKK8	fc00098	MAP kinase kinase kinase MAPKKK8/MEKK1	Signalling - MAP kinases (MAPKs)	PlantCoding	AT4G08500	MAPKKK8
AT4G30270	SEN4	fc00148	senescence 4 / meristem 5; similar to endo xyloglucan transferase in sequence	Hormone - Brassinosteroids (BS)	PlantCoding	AT4G30270	SEN4
AT1G06160	ORA59	fc00120	octadecanoid-responsive AP2/ERF 59	Hormone - Ethylene (ET)	PlantCoding	AT1G06160	ORA59
AT1G66370	MYB113	fc00107	MYB domain containing transcription factor	Secondary metabolism - Anthocyanins	PlantCoding	AT1G66370	MYB113
AT1G51680	4CL1	fc00324	4-coumarate:CoA ligase 1	Hormone - Salicylic acid (SA)	PlantCoding	AT1G51680	4CL1
AT1G62940	ACOS5	fc00324	acyl-CoA synthetase 5	Hormone - Salicylic acid (SA)	PlantCoding	AT1G62940	ACOS5
AT1G65060	4CL3	fc00324	4-coumarate:CoA ligase 3	Hormone - Salicylic acid (SA)	PlantCoding	AT1G65060	4CL3
AT3G21230	4CL5	fc00324	4-coumarate:CoA ligase 5	Hormone - Salicylic acid (SA)	PlantCoding	AT3G21230	4CL5
AT3G21240	4CL2	fc00324	4-coumarate:CoA ligase 2	Hormone - Salicylic acid (SA)	PlantCoding	AT3G21240	4CL2
AT4G05160	AT4G05160	fc00324	AMP-dependent synthetase and ligase family protein	Hormone - Salicylic acid (SA)	PlantCoding	AT4G05160	AT4G05160
AT4G19010	AT4G19010	fc00324	AMP-dependent synthetase and ligase family protein	Hormone - Salicylic acid (SA)	PlantCoding	AT4G19010	AT4G19010
AT5G63380	AT5G63380	fc00324	AMP-dependent synthetase and ligase family protein	Hormone - Salicylic acid (SA)	PlantCoding	AT5G63380	AT5G63380
AT2G46400	WRKY46	fc00167	WRKY family transcription factor 46	Regulation - Transcription & Translation	PlantCoding	AT2G46400	WRKY46
AT1G52890	NAC019	fc00109	NAC domain containing protein 19	Regulation - Transcription & Translation	PlantCoding	AT1G52890	NAC019
AT3G15500	NAC055	fc00111	ATAF-like NAC-domain transcription factor	Regulation - Transcription & Translation	PlantCoding	AT3G15500	NAC055
AT4G27410	NAC072	fc00112	NAC domain containing protein 72	Regulation - Transcription & Translation	PlantCoding	AT4G27410	NAC072
AT4G31800	WRKY6,18	fc00171	WRKY family transcription factor 6,18	Regulation - Transcription & Translation	PlantCoding	AT4G31800	WRKY6,18
AT1G77450	NAC032	fc00110	NAC domain containing protein 32	Regulation - Transcription & Translation	PlantCoding	AT1G77450	NAC032
AT2G44990	CCD7	fc00277	carotenoid cleavage dioxygenase 7	Hormone - Strigolactones (SL)	PlantCoding	AT2G44990	CCD7
AT4G32810	MAX4	fc00277	carotenoid cleavage dioxygenase 8	Hormone - Strigolactones (SL)	PlantCoding	AT4G32810	MAX4
SL			Biologically active strigolactones (strigol and orobanchol)	Hormone - Strigolactones (SL)	Metabolite	SL	SL
AT2G35990	LOG2	fc00095	LONELY GUY 2	Hormone - Cytokinins (CK)	PlantCoding	AT2G35990	LOG2
AT5G26140	LOG9	fc00095	LONELY GUY 9	Hormone - Cytokinins (CK)	PlantCoding	AT5G26140	LOG9
AT5G11950	LOG8	fc00095	LONELY GUY 8	Hormone - Cytokinins (CK)	PlantCoding	AT5G11950	LOG8
AT4G35190	LOG5	fc00095	LONELY GUY 5	Hormone - Cytokinins (CK)	PlantCoding	AT4G35190	LOG5
AT5G06300	LOG7	fc00095	LONELY GUY 7	Hormone - Cytokinins (CK)	PlantCoding	AT5G06300	LOG7
AT2G37210	LOG3	fc00095	LONELY GUY 3	Hormone - Cytokinins (CK)	PlantCoding	AT2G37210	LOG3
AT3G53450	LOG4	fc00095	LONELY GUY 4	Hormone - Cytokinins (CK)	PlantCoding	AT3G53450	LOG4
AT2G28305	LOG1	fc00095	LONELY GUY 1	Hormone - Cytokinins (CK)	PlantCoding	AT2G28305	LOG1
AT1G75450	CKX5	fc00042	cytokinin oxidase 5	Hormone - Cytokinins (CK)	PlantCoding	AT1G75450	CKX5
AT5G56970	CKX3	fc00042	cytokinin oxidase 3	Hormone - Cytokinins (CK)	PlantCoding	AT5G56970	CKX3
AT2G19500	CKX2	fc00042	cytokinin oxidase 2	Hormone - Cytokinins (CK)	PlantCoding	AT2G19500	CKX2
AT5G21482	CKX7	fc00042	cytokinin oxidase 7	Hormone - Cytokinins (CK)	PlantCoding	AT5G21482	CKX7
AT2G41510	CKX1	fc00042	cytokinin oxidase/dehydrogenase 1	Hormone - Cytokinins (CK)	PlantCoding	AT2G41510	CKX1
AT3G63440	CKX6	fc00042	cytokinin oxidase/dehydrogenase 6	Hormone - Cytokinins (CK)	PlantCoding	AT3G63440	CKX6
AT4G29740	CKX4	fc00042	cytokinin oxidase 4	Hormone - Cytokinins (CK)	PlantCoding	AT4G29740	CKX4
AT5G11160	APT5	fc00024	adenine phosphoribosyltransferase 5	Hormone - Cytokinins (CK)	PlantCoding	AT5G11160	APT5
AT1G80050	APT2	fc00024	adenine phosphoribosyl transferase 2	Hormone - Cytokinins (CK)	PlantCoding	AT1G80050	APT2
AT4G22570	APT3	fc00024	adenine phosphoribosyl transferase 3	Hormone - Cytokinins (CK)	PlantCoding	AT4G22570	APT3
AT1G27450	APT1	fc00024	adenine phosphoribosyl transferase 1	Hormone - Cytokinins (CK)	PlantCoding	AT1G27450	APT1
AT4G12440	APT4	fc00024	adenine phosphoribosyl transferase 4	Hormone - Cytokinins (CK)	PlantCoding	AT4G12440	APT4
AT1G09530	PIF3,4	fc00311	BHLH transcription factor, phytochrome interacting factor 3	Signalling - Senescence	PlantCoding	AT1G09530	PIF3,4
AT2G26150	HSF	fc00394	Heatshock  transcription factor	Signalling - Heat-shock proteins (HSPs)	PlantCoding	AT2G26150	HSF
AT5G48950	DHNAT2	fc00325	Thioesterase superfamily protein	Hormone - Salicylic acid (SA)	PlantCoding	AT5G48950	DHNAT2
AT3G18980	ETP1	fc00074	EIN2 targeting protein1	Hormone - Ethylene (ET)	PlantCoding	AT3G18980	ETP1
AT3G18910	ETP2	fc00074	EIN2 targeting protein2	Hormone - Ethylene (ET)	PlantCoding	AT3G18910	ETP2
AT1G50010	TUBA2	fc00360	tubulin alpha-2 chain		PlantCoding	AT1G50010	TUBA2
AT1G09080	BIP3	fc00395	binding protein 3	Signalling - Heat-shock proteins (HSPs)	PlantCoding	AT1G09080	BIP3
AT1G16030	HSP70B	fc00395	heat shock protein 70B	Signalling - Heat-shock proteins (HSPs)	PlantCoding	AT1G16030	HSP70B
AT1G56410	ERD2	fc00395	EARLY-RESPONSIVE TO DEHYDRATION 2	Signalling - Heat-shock proteins (HSPs)	PlantCoding	AT1G56410	ERD2
AT3G09440	HSP70-3	fc00395	Heat shock protein 70 (Hsp 70) family protein	Signalling - Heat-shock proteins (HSPs)	PlantCoding	AT3G09440	HSP70-3
AT3G12580	HSP70	fc00433	heat shock protein 70		PlantCoding	AT3G12580	HSP70
AT4G24280	CPHSC70-1	fc00395	chloroplast heat shock protein 70-1	Signalling - Heat-shock proteins (HSPs)	PlantCoding	AT4G24280	CPHSC70-1
AT4G37910	MTHSC70-1	fc00395	mitochondrial heat shock protein 70-1	Signalling - Heat-shock proteins (HSPs)	PlantCoding	AT4G37910	MTHSC70-1
AT5G02490	HSP70-2	fc00395	Heat shock protein 70 (Hsp 70) family protein	Signalling - Heat-shock proteins (HSPs)	PlantCoding	AT5G02490	HSP70-2
AT5G02500	MED37E	fc00376	heat shock cognate protein 70-1	Signalling - Heat-shock proteins (HSPs)	PlantCoding	AT5G02500	MED37E
AT5G09590	MTHSC70-2	fc00395	mitochondrial HSO70 2	Signalling - Heat-shock proteins (HSPs)	PlantCoding	AT5G09590	MTHSC70-2
AT5G28540	BIP1	fc00395	heat shock protein 70 (Hsp 70) family protein	Signalling - Heat-shock proteins (HSPs)	PlantCoding	AT5G28540	BIP1
AT5G42020	BIP2	fc00395	Heat shock protein 70 (Hsp 70) family protein	Signalling - Heat-shock proteins (HSPs)	PlantCoding	AT5G42020	BIP2
AT5G49910	CPHSC70-2	fc00395	chloroplast heat shock protein 70-2	Signalling - Heat-shock proteins (HSPs)	PlantCoding	AT5G49910	CPHSC70-2
AT1G07400	HSP17.8	fc00395	HSP20-like chaperones superfamily protein	Signalling - Heat-shock proteins (HSPs)	PlantCoding	AT1G07400	HSP17.8
AT1G53540	HSP17.6C	fc00395	HSP20-like chaperones superfamily protein	Signalling - Heat-shock proteins (HSPs)	PlantCoding	AT1G53540	HSP17.6C
AT1G54050	HSP17.4B	fc00395	HSP20-like chaperones superfamily protein	Signalling - Heat-shock proteins (HSPs)	PlantCoding	AT1G54050	HSP17.4B
AT1G59860	HSP17.6A	fc00395	HSP20-like chaperones superfamily protein	Signalling - Heat-shock proteins (HSPs)	PlantCoding	AT1G59860	HSP17.6A
AT2G19310	HSP18.5	fc00395	HSP20-like chaperones superfamily protein	Signalling - Heat-shock proteins (HSPs)	PlantCoding	AT2G19310	HSP18.5
AT2G29500	HSP17.6B	fc00395	HSP20-like chaperones superfamily protein	Signalling - Heat-shock proteins (HSPs)	PlantCoding	AT2G29500	HSP17.6B
AT3G46230	HSP17.4	fc00395	heat shock protein 17.4	Signalling - Heat-shock proteins (HSPs)	PlantCoding	AT3G46230	HSP17.4
AT4G10250	ATHSP22.0	fc00395	HSP20-like chaperones superfamily protein	Signalling - Heat-shock proteins (HSPs)	PlantCoding	AT4G10250	ATHSP22.0
AT5G12020	HSP17.6II	fc00395	17.6 kDa class II heat shock protein	Signalling - Heat-shock proteins (HSPs)	PlantCoding	AT5G12020	HSP17.6II
AT5G12030	HSP17.6A	fc00395	heat shock protein 17.6A	Signalling - Heat-shock proteins (HSPs)	PlantCoding	AT5G12030	HSP17.6A
AT5G37670	HSP15.7	fc00395	HSP20-like chaperones superfamily protein	Signalling - Heat-shock proteins (HSPs)	PlantCoding	AT5G37670	HSP15.7
AT5G59720	HSP18.1-CI	fc00391	small heat shock protein cytoplasmic/nuclear-localized	Signalling - Heat-shock proteins (HSPs)	PlantCoding	AT5G59720	HSP18.1-CI
AT5G65940	CHY1	fc00326	beta-hydroxyisobutyryl-CoA hydrolase 1	Hormone - Salicylic acid (SA)	PlantCoding	AT5G65940	CHY1
AT2G24680	REM12	fc00205	transcriptional factor B3 family protein	Regulation - Transcription & Translation	PlantCoding	AT2G24680	REM12
AT4G18040	EIF4E1	fc00214	eukaryotic translation initiation factor 4E	Regulation - Transcription & Translation	PlantCoding	AT4G18040	EIF4E1
AT1G04180	YUC9	fc00320	YUCCA 9	Hormone - Auxins (AUX)	PlantCoding	AT1G04180	YUC9
AT4G13260	YUC2	fc00320	YUCCA2	Hormone - Auxins (AUX)	PlantCoding	AT4G13260	YUC2
AT4G28720	YUC8	fc00320	YUCCA 8	Hormone - Auxins (AUX)	PlantCoding	AT4G28720	YUC8
AT1G28370	ERF11	fc00218	ethylene response factor 11	Regulation - Transcription & Translation	PlantCoding	AT1G28370	ERF11
AT5G67480	BT4	fc00217	BTB and TAZ domain protein 4	Regulation - Transcription & Translation	PlantCoding	AT5G67480	BT4
AT2G24860	EIJP1	fc00276	EDS1 INTERACTING J PROTEIN 1	Signalling - Heat-shock proteins (HSPs)	PlantCoding	AT2G24860	EIJP1
AT1G50030	TOR	fc00248	Target Of Rapamycin	Primary metabolism - Photosynthesis	PlantCoding	AT1G50030	TOR
AT2G47750	GH3.9	fc00304	putative indole-3-acetic acid-amido synthetase GH3.9	Hormone - Salicylic acid (SA)	PlantCoding	AT2G47750	GH3.9
AT4G27260	WES1	fc00304	Auxin-responsive GH3 family protein	Hormone - Salicylic acid (SA)	PlantCoding	AT4G27260	WES1
AT2G22040	LST8-2	fc00359	Lethal with Sec Thirteen 8-2	Primary metabolism - Photosynthesis	PlantCoding	AT2G22040	LST8-2
AT3G18140	LST8-1	fc00359	Lethal with Sec Thirteen 8-1	Primary metabolism - Photosynthesis	PlantCoding	AT3G18140	LST8-1
AT3G08850	RAPTOR1	fc00249	HEAT repeat ;WD domain, G-beta repeat protein protein	Primary metabolism - Photosynthesis	PlantCoding	AT3G08850	RAPTOR1
AT5G01770	RAPTOR2	fc00249	RAPTOR2	Primary metabolism - Photosynthesis	PlantCoding	AT5G01770	RAPTOR2
trichous-bacteria				Stress - Biotic	ForeignEntity	trichous-bacteria	trichous-bacteria
AT5G45110	NPR3	fc00251	NPR1-like protein 3	Hormone - Salicylic acid (SA)	PlantCoding	AT5G45110	NPR3
AT4G19660	NPR4	fc00252	NPR1-like protein 4	Hormone - Salicylic acid (SA)	PlantCoding	AT4G19660	NPR4
AT5G11850	MKD1	fc00186	Protein kinase superfamily protein	Signalling - MAP kinases (MAPKs)	PlantCoding	AT5G11850	MKD1
AT4G26070	MKK1	fc00250	mitogen-activated protein (MAP) kinase/ ERK kinase 1	Signalling - MAP kinases (MAPKs)	PlantCoding	AT4G26070	MKK1
iaaM[unknown]	iaaM	fc00253	unknown enzyme	Hormone - Auxins (AUX)	PlantAbstract	iaaM[unknown]	iaaM
AT1G73805	SARD1	fc00254	Calmodulin binding protein-like protein	Hormone - Salicylic acid (SA)	PlantCoding	AT1G73805	SARD1
AT2G20610	SUR1	fc00255	Tyrosine transaminase family protein	Hormone - Auxins (AUX)	PlantCoding	AT2G20610	SUR1
AT1G11960	OSCA1.3	fc00398	Calcium channel	Stress - Drought	PlantCoding	AT1G11960	OSCA1.3
AT5G27450	MVK	fc00256	mevalonate kinase	Secondary metabolism - Terpenoids	PlantCoding	AT5G27450	MVK
AT1G58100	TCP8	fc00258	TCP family transcription factor	Hormone - Salicylic acid (SA)	PlantCoding	AT1G58100	TCP8
AT1G51760	IAR3	fc00227	IAA-ALANINE RESISTANT 3	Hormone - Auxins (AUX)	PlantCoding	AT1G51760	IAR3
AT1G68100	IAR1	fc00227	IAA-ALANINE RESISTANT 1	Hormone - Auxins (AUX)	PlantCoding	AT1G68100	IAR1
IAA			Indole-3-acetic acid	Hormone - Auxins (AUX)	Metabolite	IAA	IAA
AT1G70560	TAA1	fc00260	tryptophan aminotransferase of Arabidopsis 1	Hormone - Auxins (AUX)	PlantCoding	AT1G70560	TAA1
AT4G39400	BRI1	fc00321	Leucine-rich receptor-like protein kinase family protein	Hormone - Brassinosteroids (BS)	PlantCoding	AT4G39400	BRI1
BAK1|BRI1			BRASSINOSTEROID-INSENSITIVE1 and BRI1-ASSOCIATED KINASE1(SERK3)	Hormone - Brassinosteroids (BS)	Complex	BAK1|BRI1	BAK1|BRI1
AT4G39950	CYP79B2	fc00261	cytochrome P450, family 79, subfamily B, polypeptide 2	Hormone - Auxins (AUX)	PlantCoding	AT4G39950	CYP79B2
AT4G31500	CYP83B1	fc00262	cytochrome P450, family 83, subfamily B, polypeptide 1	Hormone - Auxins (AUX)	PlantCoding	AT4G31500	CYP83B1
AT3G44310	NIT1	fc00263	nitrilase 1	Hormone - Auxins (AUX)	PlantCoding	AT3G44310	NIT1
AT1G08980	AMI1	fc00264	amidase 1	Hormone - Auxins (AUX)	PlantCoding	AT1G08980	AMI1
AT5G60300	LECRK19	fc00259	Concanavalin A-like lectin protein kinase family protein	Signalling - Perception and resistance genes	PlantCoding	AT5G60300	LECRK19
AT5G48570	FKBP65	fc00266	FKBP-type peptidyl-prolyl cis-trans isomerase family protein	Signalling - Heat-shock proteins (HSPs)	PlantCoding	AT5G48570	FKBP65
AT3G02875	ILR1	fc00267	Peptidase M20/M25/M40 family protein	Hormone - Auxins (AUX)	PlantCoding	AT3G02875	ILR1
AT2G02810	UTR1	fc00268	UDP-galactose transporter 1	Regulation - Transport	PlantCoding	AT2G02810	UTR1
AT1G69220	SIK1	fc00269	Protein kinase superfamily protein	Signalling - Growth	PlantCoding	AT1G69220	SIK1
AT1G14790	RDR1	fc00337	RNA-dependent RNA polymerase 1	Regulation - Silencing	PlantCoding	AT1G14790	RDR1
AT3G49500	RDR6	fc00337	RNA-dependent RNA polymerase 6	Regulation - Silencing	PlantCoding	AT3G49500	RDR6
AT5G55250	IAMT1	fc00271	IAA carboxylmethyltransferase 1	Hormone - Auxins (AUX)	PlantCoding	AT5G55250	IAMT1
AT3G60140	BGLU30	fc00272	Glycosyl hydrolase superfamily protein	Hormone - Salicylic acid (SA)	PlantCoding	AT3G60140	BGLU30
AT4G37410	CYP81F4	fc00273	cytochrome P450, family 81, subfamily F, polypeptide 4	Secondary metabolism - Alkaloids	PlantCoding	AT4G37410	CYP81F4
AT1G73330	DR4	fc00274	drought-repressed 4	Hormone - Abscisic acid (ABA)	PlantCoding	AT1G73330	DR4
AT5G21960	ERF016	fc00275	ethylene response factor 16	Hormone - Ethylene (ET)	PlantCoding	AT5G21960	ERF016
AT2G23260	UGT84B1	fc00278	UDP-glucosyl transferase 84B1	Hormone - Auxins (AUX)	PlantCoding	AT2G23260	UGT84B1
AT2G20340	ELI5	fc00281	Pyridoxal phosphate (PLP)-dependent transferases superfamily protein	Primary metabolism - Amino-acids	PlantCoding	AT2G20340	ELI5
AT3G62980	TIR1	fc00283	F-box/RNI-like superfamily protein	Hormone - Auxins (AUX)	PlantCoding	AT3G62980	TIR1
AT1G23160	GH3.7	fc00280	auxin-responsive GH3 family protein	Hormone - Auxins (AUX)	PlantCoding	AT1G23160	GH3.7
AT1G16510	SAUR41	fc00284	SAUR-like auxin-responsive protein family	Hormone - Auxins (AUX)	PlantCoding	AT1G16510	SAUR41
AT3G11410	PP2C	fc00286	protein phosphatase 2C	Stress - Waterlogging	PlantCoding	AT3G11410	PP2C
AT1G03970	GBF4	fc00287	G-box binding factor 4	Signalling - MAP kinases (MAPKs)	PlantCoding	AT1G03970	GBF4
AT2G46020	BRAHMA	fc00341	transcription regulatory protein SNF2	Stress - Heat	PlantCoding	AT2G46020	BRAHMA
AT5G20630	GER3	fc00372	germin 3		PlantCoding	AT5G20630	GER3
AT1G08320	bZIP21	fc00288	bZIP transcription factor family protein	Hormone - Salicylic acid (SA)	PlantCoding	AT1G08320	bZIP21
AT1G52560	HSP26.5-MII	fc00392	small heat shock protein mitochondrial-localized	Signalling - Heat-shock proteins (HSPs)	PlantCoding	AT1G52560	HSP26.5-MII
Stomatal closure			Phenotype response to water deficit	Stress - Drought	Process	Stomatal closure	Stomatal closure
AT5G52300	LTI65	fc00192	LOW-TEMPERATURE-INDUCED 65	Stress - Drought	PlantCoding	AT5G52300	LTI65
AT5G52310	LTI78	fc00192	LOW-TEMPERATURE-INDUCED 78	Stress - Drought	PlantCoding	AT5G52310	LTI78
AT4G31120	CAU1	fc00342	Calcium Underaccumulation 1	Hormone - Abscisic acid (ABA)	PlantCoding	AT4G31120	CAU1
AT2G39800	P5CS1	fc00399	delta1-pyrroline-5-carboxylate synthase 1	Primary metabolism - Amino-acids	PlantCoding	AT2G39800	P5CS1
AT1G01740	BSK4	fc00290	brassinosteroid-signaling kinase 4	Hormone - Brassinosteroids (BS)	PlantCoding	AT1G01740	BSK4
AT1G50990	BSK11	fc00290	brassinosteroid-signaling kinase 11	Hormone - Brassinosteroids (BS)	PlantCoding	AT1G50990	BSK11
AT1G63500	BSK7	fc00290	brassinosteroid-signaling kinase 7	Hormone - Brassinosteroids (BS)	PlantCoding	AT1G63500	BSK7
AT2G17090	SSP	fc00290	SHORT SUSPENSOR	Hormone - Brassinosteroids (BS)	PlantCoding	AT2G17090	SSP
AT3G09240	BSK9	fc00290	brassinosteroid-signaling kinase 9	Hormone - Brassinosteroids (BS)	PlantCoding	AT3G09240	BSK9
AT3G54030	BSK6	fc00290	brassinosteroid-signaling kinase 6	Hormone - Brassinosteroids (BS)	PlantCoding	AT3G54030	BSK6
AT4G00710	BSK3	fc00290	brassinosteroid-signaling kinase 3	Hormone - Brassinosteroids (BS)	PlantCoding	AT4G00710	BSK3
AT4G35230	BSK1	fc00290	brassinosteroid-signaling kinase 1	Hormone - Brassinosteroids (BS)	PlantCoding	AT4G35230	BSK1
AT5G01060	BSK10	fc00290	brassinosteroid-signaling kinase 10	Hormone - Brassinosteroids (BS)	PlantCoding	AT5G01060	BSK10
AT5G41260	BSK8	fc00290	brassinosteroid-signaling kinase 8	Hormone - Brassinosteroids (BS)	PlantCoding	AT5G41260	BSK8
AT5G46570	BSK2	fc00290	brassinosteroid-signaling kinase 2	Hormone - Brassinosteroids (BS)	PlantCoding	AT5G46570	BSK2
AT5G59010	BSK5	fc00290	brassinosteroid-signaling kinase 5	Hormone - Brassinosteroids (BS)	PlantCoding	AT5G59010	BSK5
AT1G03445	BSU1	fc00291	Serine/threonine protein phosphatase family protein	Hormone - Brassinosteroids (BS)	PlantCoding	AT1G03445	BSU1
AT1G19350	BZR2	fc00292	Brassinosteroid signaling positive regulator (BZR1) family protein	Hormone - Brassinosteroids (BS)	PlantCoding	AT1G19350	BZR2
AT5G57560	XTH	fc00293	xyloglucan endotransglucosylase	Hormone - Brassinosteroids (BS)	PlantCoding	AT5G57560	XTH
AT3G50070	CYCD3-3	fc00294	CYCLIN D3;3	Hormone - Brassinosteroids (BS)	PlantCoding	AT3G50070	CYCD3-3
AT1G51660	MKK4	fc00295	mitogen-activated protein kinase kinase 4	Hormone - Ethylene (ET)	PlantCoding	AT1G51660	MKK4
AT3G21220	MKK5	fc00295	MAP kinase kinase 5	Hormone - Ethylene (ET)	PlantCoding	AT3G21220	MKK5
AT5G63610	CDK	fc00297	cyclin-dependent kinase E-1	Regulation - Transcription & Translation	PlantCoding	AT5G63610	CDK
AT1G73080	PEPR1	fc00298	PEP1 receptor 1	Hormone - Peptides	PlantCoding	AT1G73080	PEPR1
AT1G17750	PEPR2	fc00298	PEP1 receptor 2	Hormone - Peptides	PlantCoding	AT1G17750	PEPR2
AT1G69690	TCP15	fc00332	TEOSINTE BRANCHED1/CYCLOIDEA/PCF 15	Hormone - Salicylic acid (SA)	PlantCoding	AT1G69690	TCP15
AT3G47620	TCP14	fc00332	TEOSINTE BRANCHED, cycloidea and PCF (TCP) 14	Hormone - Salicylic acid (SA)	PlantCoding	AT3G47620	TCP14
AT5G64900	PROPEP1	fc00299	precursor of peptide 1	Hormone - Peptides	PlantCoding	AT5G64900	PROPEP1
AT5G64890	PROPEP2	fc00299	elicitor peptide 2 precursor	Hormone - Peptides	PlantCoding	AT5G64890	PROPEP2
AT5G64905	PROPEP3	fc00299	elicitor peptide 3 precursor	Hormone - Peptides	PlantCoding	AT5G64905	PROPEP3
AT5G09980	PROPEP4	fc00299	elicitor peptide 4 precursor	Hormone - Peptides	PlantCoding	AT5G09980	PROPEP4
AT5G09990	PROPEP5	fc00299	elicitor peptide 5 precursor	Hormone - Peptides	PlantCoding	AT5G09990	PROPEP5
AT2G22000	PROPEP6	fc00299	elicitor peptide 6 precursor	Hormone - Peptides	PlantCoding	AT2G22000	PROPEP6
AT5G09978	PEP7	fc00299	elicitor peptide 7 precursor	Hormone - Peptides	PlantCoding	AT5G09978	PEP7
AT5G09976	AT5G09976	fc00299		Hormone - Peptides	PlantCoding	AT5G09976	AT5G09976
PEPR1|PEP1				Hormone - Peptides	Complex	PEPR1|PEP1	PEPR1|PEP1
AT2G22250	PA	fc00121	aspartate aminotransferase	Hormone - Salicylic acid (SA)	PlantCoding	AT2G22250	PA
AT1G11790	ADT1	fc00016	arogenate dehydratase 1	Hormone - Salicylic acid (SA)	PlantCoding	AT1G11790	ADT1
AT1G08250	ADT6	fc00016	arogenate dehydratase 6	Hormone - Salicylic acid (SA)	PlantCoding	AT1G08250	ADT6
AT3G44720	ADT4	fc00016	arogenate dehydratase 4	Hormone - Salicylic acid (SA)	PlantCoding	AT3G44720	ADT4
AT2G27820	PD1	fc00016	prephenate dehydratase 1	Hormone - Salicylic acid (SA)	PlantCoding	AT2G27820	PD1
AT3G07630	ADT2	fc00016	arogenate dehydratase 2	Hormone - Salicylic acid (SA)	PlantCoding	AT3G07630	ADT2
AT5G22630	ADT5	fc00016	arogenate dehydratase 5	Hormone - Salicylic acid (SA)	PlantCoding	AT5G22630	ADT5
AT2G30490	CYP73A5	fc00329	cinnamate-4-hydroxylase	Hormone - Salicylic acid (SA)	PlantCoding	AT2G30490	CYP73A5
AT4G34110	PAB2	fc00345	poly(A) binding protein 2	Regulation - Transcription & Translation	PlantCoding	AT4G34110	PAB2
viral dsRNA			viral double stranded RNA (siRNAs precursor)	Regulation - Silencing	ForeignCoding	viral dsRNA	viral dsRNA
AT3G03300	DCL2	fc00335	dicer-like 2	Regulation - Silencing	PlantCoding	AT3G03300	DCL2
AT5G20320	DCL4	fc00335	dicer-like 4	Regulation - Silencing	PlantCoding	AT5G20320	DCL4
vsiRNA			viral-derived small interfering RNAs	Regulation - Silencing	ForeignNonCoding	vsiRNA	vsiRNA
me-vsiRNA			methylated viral-derived small interfering RNAs	Regulation - Silencing	ForeignNonCoding	me-vsiRNA	me-vsiRNA
AT2G23350	PAB4	fc00346	poly(A) binding protein 4	Regulation - Transcription & Translation	PlantCoding	AT2G23350	PAB4
AT3G03780	MS2	fc00336	methionine synthase 2	Hormone - Ethylene (ET)	PlantCoding	AT3G03780	MS2
AT5G17920	ATMS1	fc00336	methionine synthesis 1	Hormone - Ethylene (ET)	PlantCoding	AT5G17920	ATMS1
AT1G49760	PAB8	fc00347	poly(A) binding protein 8	Regulation - Transcription & Translation	PlantCoding	AT1G49760	PAB8
AT3G15730	PLDALPHA1	fc00348	phospholipase D alpha 1	Hormone - Abscisic acid (ABA)	PlantCoding	AT3G15730	PLDALPHA1
AT5G43940	GSNO	fc00080	GroES-like zinc-binding dehydrogenase family protein	Hormone - Salicylic acid (SA)	PlantCoding	AT5G43940	GSNO
AT5G13320	PBS3	fc00137	Auxin-responsive GH3 family protein	Hormone - Salicylic acid (SA)	PlantCoding	AT5G13320	PBS3
6K2			small peptide of unknown functions	Stress - Biotic	ForeignCoding	6K2	6K2
AT1G69440	AGO7	fc00350	Argonaute family protein	Regulation - Silencing	PlantCoding	AT1G69440	AGO7
AT4G27440	PORB	fc00351	protochlorophyllide oxidoreductase B	Primary metabolism - Photosynthesis	PlantCoding	AT4G27440	PORB
AT5G54190	PORA	fc00352	protochlorophyllide oxidoreductase A	Primary metabolism - Photosynthesis	PlantCoding	AT5G54190	PORA
AT3G52930	FBA8	fc00353	Aldolase superfamily protein	Primary metabolism - Carbohydrates	PlantCoding	AT3G52930	FBA8
AT2G30860	GSTF9	fc00354	glutathione S-transferase PHI 9		PlantCoding	AT2G30860	GSTF9
AT4G27450	HUP54	fc00355	aluminum induced protein with YGL and LRDR motifs	Stress - Waterlogging	PlantCoding	AT4G27450	HUP54
AT4G39030	EDS5	fc00061	MATE efflux family protein	Hormone - Salicylic acid (SA)	PlantCoding	AT4G39030	EDS5
AT5G67500	VDAC2	fc00356	voltage dependent anion channel 2	Regulation - Transport	PlantCoding	AT5G67500	VDAC2
AT1G79040	PSBR	fc00357	photosystem II subunit R	Primary metabolism - Photosynthesis	PlantCoding	AT1G79040	PSBR
P1			serine protease	Stress - Biotic	ForeignCoding	P1	P1
AT4G00290	MSL1	fc00388	Mechanosensitive ion channel protein	Stress - Waterlogging	PlantCoding	AT4G00290	MSL1
AT5G10490	MSL2	fc00388	MSCS-like 2	Stress - Waterlogging	PlantCoding	AT5G10490	MSL2
AT1G58200	MSL3	fc00388	MSCS-like 3	Stress - Waterlogging	PlantCoding	AT1G58200	MSL3
AT1G53470	MSL4	fc00388	mechanosensitive channel of small conductance-like 4	Stress - Waterlogging	PlantCoding	AT1G53470	MSL4
AT3G14810	MSL5	fc00388	mechanosensitive channel of small conductance-like 5	Stress - Waterlogging	PlantCoding	AT3G14810	MSL5
AT1G78610	MSL6	fc00388	mechanosensitive channel of small conductance-like 6	Stress - Waterlogging	PlantCoding	AT1G78610	MSL6
AT2G17000	AT2G17000	fc00388	Mechanosensitive ion channel family protein	Stress - Waterlogging	PlantCoding	AT2G17000	AT2G17000
AT2G17010	MSL8	fc00388	Mechanosensitive ion channel family protein	Stress - Waterlogging	PlantCoding	AT2G17010	MSL8
AT5G19520	MSL9	fc00388	mechanosensitive channel of small conductance-like 9	Stress - Waterlogging	PlantCoding	AT5G19520	MSL9
AT5G12080	MSL10	fc00388	mechanosensitive channel of small conductance-like 10	Stress - Waterlogging	PlantCoding	AT5G12080	MSL10
NIa-Pro			protease	Stress - Biotic	ForeignCoding	NIa-Pro	NIa-Pro
NIb			RNA-dependent RNA polymerase	Stress - Biotic	ForeignCoding	NIb	NIb
AT3G11630	BAS1	fc00373	Thioredoxin superfamily protein	Signalling - Reactive oxygen species (ROS)	PlantCoding	AT3G11630	BAS1
AT1G06680	PSBP1	fc00374	photosystem II subunit P-1	Primary metabolism - Photosynthesis	PlantCoding	AT1G06680	PSBP1
AT2G39730	RCA	fc00375	rubisco activase	Primary metabolism - Photosynthesis	PlantCoding	AT2G39730	RCA
AT3G02780	IPP2	fc00377	isopentenyl pyrophosphate:dimethylallyl pyrophosphate isomerase 2	Secondary metabolism - Terpenoids	PlantCoding	AT3G02780	IPP2
AT5G60790	ABCF1	fc00378	ABC transporter family protein	Regulation - Transcription & Translation	PlantCoding	AT5G60790	ABCF1
AT1G09130	CLPR3	fc00379	ATP-dependent caseinolytic (Clp) protease/crotonase family protein		PlantCoding	AT1G09130	CLPR3
AT3G50440	MES10	fc00401	methylesterase	Hormone - Jasmonate (JA)	PlantCoding	AT3G50440	MES10
AT5G61160	ACT	fc00380	anthocyanin 5-aromatic acyltransferase 1	Secondary metabolism - Anthocyanins	PlantCoding	AT5G61160	ACT
ATCG00680	psbB	fc00381	photosystem II reaction center protein B	Primary metabolism - Photosynthesis	PlantCoding	ATCG00680	psbB
AT5G16390	BCCP1	fc00382	chloroplastic acetylcoenzyme A carboxylase 1	Primary metabolism - Lipids	PlantCoding	AT5G16390	BCCP1
AT5G10450	GRF6	fc00383	G-box regulating factor 6	Signalling - Reactive oxygen species (ROS)	PlantCoding	AT5G10450	GRF6
AT5G35360	CAC2	fc00384	acetyl Co-enzyme a carboxylase biotin carboxylase subunit	Primary metabolism - Carbohydrates	PlantCoding	AT5G35360	CAC2
AT3G02090	MPPBETA	fc00385	Insulinase (Peptidase family M16) protein		PlantCoding	AT3G02090	MPPBETA
AT4G04640	ATPC1	fc00386	ATPase%2C F1 complex%2C gamma subunit protein	Primary metabolism - Photosynthesis	PlantCoding	AT4G04640	ATPC1
AT5G46760	MYC3	fc00403	Transcription factor MYC3	Hormone - Jasmonate (JA)	PlantCoding	AT5G46760	MYC3
AT4G17880	MYC4	fc00402	Transcription factor MYC4	Hormone - Jasmonate (JA)	PlantCoding	AT4G17880	MYC4
CPI8[SOTUB03G015970.1.1]	CPI8	fc00404	Cysteine protease inhibitor 8	Hormone - Jasmonate (JA)	PlantCoding	CPI8[SOTUB03G015970.1.1]	CPI8
MC[SOTUB06G030610.1.1]	MC	fc00405	Cysteine proteinase inhibitor	Hormone - Jasmonate (JA)	PlantCoding	MC[SOTUB06G030610.1.1]	MC
AT1G72360	ERF73	fc00400	ethylene response factor 73	Hormone - Ethylene (ET)	PlantCoding	AT1G72360	ERF73
AT1G77120	ADH1	fc00406	alcohol dehydrogenase 1		PlantCoding	AT1G77120	ADH1
AT2G47520	ERF71	fc00400	ethylene response factor 71	Hormone - Ethylene (ET)	PlantCoding	AT2G47520	ERF71
AT1G53910	RAP2.12	fc00400	related to AP2 12	Hormone - Ethylene (ET)	PlantCoding	AT1G53910	RAP2.12
AT3G14230	RAP2.2	fc00400	related to AP2 2	Hormone - Ethylene (ET)	PlantCoding	AT3G14230	RAP2.2
AT3G16770	EBP	fc00400	ethylene-responsive element binding protein	Hormone - Ethylene (ET)	PlantCoding	AT3G16770	EBP
AT5G15410	CNGC2	fc00407	Cyclic nucleotide-regulated ion channel family protein		PlantCoding	AT5G15410	CNGC2
AT1G22770	GI	fc00408	gigantea protein (GI)		PlantCoding	AT1G22770	GI
AT2G43010	PIF4	fc00409	phytochrome interacting factor 4		PlantCoding	AT2G43010	PIF4
AT5G14800	PROC1	fc00411	pyrroline-5- carboxylate (P5C) reductase		PlantCoding	AT5G14800	PROC1
Proline accumulation			Phenotype response to water deficit	Primary metabolism - Amino-acids	Process	Proline accumulation	Proline accumulation
AT2G47190	MYB2	fc00412	myb domain protein 2		PlantCoding	AT2G47190	MYB2
AT1G01720	ATAF1	fc00413	NAC (No Apical Meristem) domain transcriptional regulator superfamily protein	Hormone - Abscisic acid (ABA)	PlantCoding	AT1G01720	ATAF1
EIN3|NPR1					Complex	EIN3|NPR1	EIN3|NPR1
AT5G39610	NAC92	fc00418	NAC domain containing protein 6	Signalling - Senescence	PlantCoding	AT5G39610	NAC92
AT5G11260	HY5	fc00421	Basic-leucine zipper (bZIP) transcription factor family protein		PlantCoding	AT5G11260	HY5
AT5G16760	ITPK1	fc00427	Inositol 1%2C3%2C4-trisphosphate 5/6-kinase family protein	Signalling - Phospho-inosytol-phosphate (PIP)	PlantCoding	AT5G16760	ITPK1
AT5G42810	IPK1	fc00428	inositol-pentakisphosphate 2-kinase 1	Signalling - Phospho-inosytol-phosphate (PIP)	PlantCoding	AT5G42810	IPK1
AT1G43160	RAP2-6	fc00429	related to AP2 6		PlantCoding	AT1G43160	RAP2-6
AT5G15070	VIH1	fc00430	Phosphoglycerate mutase-like family protein	Signalling - Phospho-inosytol-phosphate (PIP)	PlantCoding	AT5G15070	VIH1
AT3G26940	CDG1	fc00434	Protein kinase superfamily protein		PlantCoding	AT3G26940	CDG1
HSP70|HSP90|SGT1					Complex	HSP70|HSP90|SGT1	HSP70|HSP90|SGT1
AT1G11190	ENDO1	fc00431	bifunctional nuclease i	Signalling - Senescence	PlantCoding	AT1G11190	ENDO1
AT2G41100	CML12	fc00435	Calcium-binding EF hand family protein		PlantCoding	AT2G41100	CML12
AT2G34650	PID	fc00436	Protein kinase superfamily protein		PlantCoding	AT2G34650	PID
AT5G54490	PBP1	fc00437	pinoid-binding protein 1		PlantCoding	AT5G54490	PBP1
AT4G27280	KRP1	fc00438	Calcium-binding EF-hand family protein		PlantCoding	AT4G27280	KRP1
AT1G17140	ICR1	fc00439	interactor of constitutive active rops 1	Hormone - Auxins (AUX)	PlantCoding	AT1G17140	ICR1
