NAME	GS<br> follow link to MSigDB	GS DETAILS	SIZE	ES	NES	NOM p-val	FDR q-val	FWER p-val	RANK AT MAX	LEADING EDGE	
26.9 MISC.GLUTATHIONE S TRANSFERASES	26.9 MISC.GLUTATHIONE S TRANSFERASES	Details ...	90	0.82586825	2.2601728	0.0	0.0	0.0	3280	tags=51%, list=7%, signal=55%	
20.1.7 STRESS.BIOTIC.PR-PROTEINS	20.1.7 STRESS.BIOTIC.PR-PROTEINS	Details ...	208	0.7182155	2.1730688	0.0	0.0	0.0	3259	tags=28%, list=7%, signal=30%	
27.3.32 RNA.REGULATION OF TRANSCRIPTION.WRKY DOMAIN TRANSCRIPTION FACTOR FAMILY	27.3.32 RNA.REGULATION OF TRANSCRIPTION.WRKY DOMAIN TRANSCRIPTION FACTOR FAMILY	Details ...	97	0.7156128	1.9782147	0.0	3.219697E-4	0.001	7208	tags=48%, list=15%, signal=57%	
20.1.7.3 STRESS.BIOTIC.PR-PROTEINS.PR3/4/8/11 (CHITINASES AND CHITIN BINDING PROTEINS)	20.1.7.3 STRESS.BIOTIC.PR-PROTEINS.PR3/4/8/11 (CHITINASES AND CHITIN BINDING PROTEINS)	Details ...	44	0.7719556	1.9223948	0.0	7.579764E-4	0.003	3969	tags=52%, list=8%, signal=57%	
16.8.1.12 SECONDARY METABOLISM.FLAVONOIDS.ANTHOCYANINS.ANTHOCYANIDIN 3-O-GLUCOSYLTRANSFERASE	16.8.1.12 SECONDARY METABOLISM.FLAVONOIDS.ANTHOCYANINS.ANTHOCYANIDIN 3-O-GLUCOSYLTRANSFERASE	Details ...	62	0.6995649	1.8211635	0.0	0.0049445215	0.025	3544	tags=40%, list=7%, signal=43%	
16.2.1 SECONDARY METABOLISM.PHENYLPROPANOIDS.LIGNIN BIOSYNTHESIS	16.2.1 SECONDARY METABOLISM.PHENYLPROPANOIDS.LIGNIN BIOSYNTHESIS	Details ...	66	0.6773096	1.8064252	0.0	0.005967838	0.036	7271	tags=52%, list=15%, signal=60%	
20.1.7.6 STRESS.BIOTIC.PR-PROTEINS.PR6 (PROTEINASE INHIBITORS)	20.1.7.6 STRESS.BIOTIC.PR-PROTEINS.PR6 (PROTEINASE INHIBITORS)	Details ...	55	0.6942384	1.7619295	0.0	0.011409669	0.08	3060	tags=18%, list=6%, signal=19%	
20.1.7.1 STRESS.BIOTIC.PR-PROTEINS.PR1 (ANTIFUNGAL)	20.1.7.1 STRESS.BIOTIC.PR-PROTEINS.PR1 (ANTIFUNGAL)	Details ...	33	0.75199914	1.7574389	0.0	0.011352546	0.09	1311	tags=18%, list=3%, signal=19%	
30.2.17 SIGNALLING.RECEPTOR KINASES.DUF 26	30.2.17 SIGNALLING.RECEPTOR KINASES.DUF 26	Details ...	94	0.6457266	1.7572078	0.0	0.010200126	0.091	7044	tags=40%, list=14%, signal=47%	
30.2.24 SIGNALLING.RECEPTOR KINASES.S-LOCUS GLYCOPROTEIN LIKE	30.2.24 SIGNALLING.RECEPTOR KINASES.S-LOCUS GLYCOPROTEIN LIKE	Details ...	87	0.635619	1.7478273	0.0014858841	0.010764282	0.107	4682	tags=38%, list=9%, signal=42%	
30.6 SIGNALLING.MAP KINASES	30.6 SIGNALLING.MAP KINASES	Details ...	112	0.6132532	1.7391597	0.0	0.011129069	0.121	7647	tags=36%, list=16%, signal=42%	
20.1.7.6.1 STRESS.BIOTIC.PR-PROTEINS.PR6 (PROTEINASE INHIBITORS).TRYPSIN INHIBITOR	20.1.7.6.1 STRESS.BIOTIC.PR-PROTEINS.PR6 (PROTEINASE INHIBITORS).TRYPSIN INHIBITOR	Details ...	25	0.7721228	1.7369745	0.0018083183	0.010284655	0.122	3060	tags=24%, list=6%, signal=26%	
27.3.64 RNA.REGULATION OF TRANSCRIPTION.PHOR1	27.3.64 RNA.REGULATION OF TRANSCRIPTION.PHOR1	Details ...	21	0.8021655	1.733089	0.0017574693	0.010628723	0.135	6338	tags=62%, list=13%, signal=71%	
16.8.1 SECONDARY METABOLISM.FLAVONOIDS.ANTHOCYANINS	16.8.1 SECONDARY METABOLISM.FLAVONOIDS.ANTHOCYANINS	Details ...	79	0.64703023	1.731749	0.0	0.0100830635	0.137	3544	tags=37%, list=7%, signal=39%	
26.19 MISC.PLASTOCYANIN-LIKE	26.19 MISC.PLASTOCYANIN-LIKE	Details ...	44	0.70364934	1.7194538	0.0	0.01146768	0.165	3876	tags=30%, list=8%, signal=32%	
26.12 MISC.PEROXIDASES	26.12 MISC.PEROXIDASES	Details ...	139	0.58374554	1.702821	0.0	0.0136348475	0.201	6937	tags=29%, list=14%, signal=33%	
31.4 CELL.VESICLE TRANSPORT	31.4 CELL.VESICLE TRANSPORT	Details ...	203	0.56506675	1.6935415	0.0	0.015543781	0.237	10819	tags=54%, list=22%, signal=69%	
8.1 TCA / ORGANIC TRANSFORMATION.TCA	8.1 TCA / ORGANIC TRANSFORMATION.TCA	Details ...	52	0.6651993	1.6926161	0.001572327	0.014946454	0.241	10472	tags=75%, list=21%, signal=95%	
29.4.1.57 PROTEIN.POSTRANSLATIONAL MODIFICATION.KINASE.RECEPTOR LIKE CYTOPLASMATIC KINASE VII	29.4.1.57 PROTEIN.POSTRANSLATIONAL MODIFICATION.KINASE.RECEPTOR LIKE CYTOPLASMATIC KINASE VII	Details ...	59	0.6539546	1.6829467	0.0	0.01670064	0.277	7433	tags=51%, list=15%, signal=60%	
16.2.1.10 SECONDARY METABOLISM.PHENYLPROPANOIDS.LIGNIN BIOSYNTHESIS.CAD	16.2.1.10 SECONDARY METABOLISM.PHENYLPROPANOIDS.LIGNIN BIOSYNTHESIS.CAD	Details ...	33	0.71167237	1.6772869	0.003327787	0.017388	0.302	2776	tags=33%, list=6%, signal=35%	
20.1.3.1 STRESS.BIOTIC.SIGNALLING.MLO-LIKE	20.1.3.1 STRESS.BIOTIC.SIGNALLING.MLO-LIKE	Details ...	21	0.78581214	1.6741567	0.0018115942	0.017396506	0.315	6588	tags=52%, list=13%, signal=60%	
20.1.7.5 STRESS.BIOTIC.PR-PROTEINS.PR5 (THAUMATIN-LIKE PROTEINS)	20.1.7.5 STRESS.BIOTIC.PR-PROTEINS.PR5 (THAUMATIN-LIKE PROTEINS)	Details ...	40	0.6885735	1.653896	0.0016447369	0.022109881	0.39	1543	tags=18%, list=3%, signal=18%	
11.8.1 LIPID METABOLISM.EXOTICS (STEROIDS, SQUALENE ETC).SPHINGOLIPIDS	11.8.1 LIPID METABOLISM.EXOTICS (STEROIDS, SQUALENE ETC).SPHINGOLIPIDS	Details ...	43	0.68064946	1.6533949	0.0017636684	0.021276098	0.392	5699	tags=44%, list=12%, signal=50%	
11.2.4 LIPID METABOLISM.FA DESATURATION.OMEGA 6 DESATURASE	11.2.4 LIPID METABOLISM.FA DESATURATION.OMEGA 6 DESATURASE	Details ...	28	0.7320392	1.6501194	0.0071301246	0.021124717	0.402	5665	tags=36%, list=11%, signal=40%	
17.7 HORMONE METABOLISM.JASMONATE	17.7 HORMONE METABOLISM.JASMONATE	Details ...	64	0.62704724	1.6468555	0.0	0.021428546	0.419	5667	tags=25%, list=11%, signal=28%	
8 TCA / ORGANIC TRANSFORMATION	8 TCA / ORGANIC TRANSFORMATION	Details ...	87	0.5949771	1.6399528	0.0014306152	0.023792747	0.466	7917	tags=48%, list=16%, signal=57%	
29.5.2 PROTEIN.DEGRADATION.AUTOPHAGY	29.5.2 PROTEIN.DEGRADATION.AUTOPHAGY	Details ...	22	0.74223304	1.62998	0.00877193	0.026661644	0.522	6764	tags=68%, list=14%, signal=79%	
13.2.7 AMINO ACID METABOLISM.DEGRADATION.HISTIDINE	13.2.7 AMINO ACID METABOLISM.DEGRADATION.HISTIDINE	Details ...	33	0.67770916	1.5961851	0.00821018	0.04109409	0.7	3008	tags=33%, list=6%, signal=35%	
17.5.1.1 HORMONE METABOLISM.ETHYLENE.SYNTHESIS-DEGRADATION.1-AMINOCYCLOPROPANE-1-CARBOXYLATE SYNTHASE	17.5.1.1 HORMONE METABOLISM.ETHYLENE.SYNTHESIS-DEGRADATION.1-AMINOCYCLOPROPANE-1-CARBOXYLATE SYNTHASE	Details ...	20	0.74432135	1.5920855	0.008833922	0.04202057	0.723	5682	tags=40%, list=12%, signal=45%	
16.5.1.1.1.11 SECONDARY METABOLISM.SULFUR-CONTAINING.GLUCOSINOLATES.SYNTHESIS.ALIPHATIC.GLUCOSINOLATE 2-OXOGLUTARATE-DEPENDENT DIOXYGENASE (AOP)	16.5.1.1.1.11 SECONDARY METABOLISM.SULFUR-CONTAINING.GLUCOSINOLATES.SYNTHESIS.ALIPHATIC.GLUCOSINOLATE 2-OXOGLUTARATE-DEPENDENT DIOXYGENASE (AOP)	Details ...	49	0.6392262	1.5886726	0.0032840723	0.042421166	0.735	4101	tags=24%, list=8%, signal=27%	
29.5.11.4.5.2 PROTEIN.DEGRADATION.UBIQUITIN.E3.BTB/POZ CULLIN3.BTB/POZ	29.5.11.4.5.2 PROTEIN.DEGRADATION.UBIQUITIN.E3.BTB/POZ CULLIN3.BTB/POZ	Details ...	17	0.77510786	1.5783938	0.00929368	0.047718838	0.788	7870	tags=59%, list=16%, signal=70%	
29.5.11.4.5 PROTEIN.DEGRADATION.UBIQUITIN.E3.BTB/POZ CULLIN3	29.5.11.4.5 PROTEIN.DEGRADATION.UBIQUITIN.E3.BTB/POZ CULLIN3	Details ...	20	0.7297622	1.5726695	0.0129629625	0.049923286	0.805	7870	tags=50%, list=16%, signal=59%	
2.2.1.3 MAJOR CHO METABOLISM.DEGRADATION.SUCROSE.INVERTASES	2.2.1.3 MAJOR CHO METABOLISM.DEGRADATION.SUCROSE.INVERTASES	Details ...	29	0.6804852	1.5700322	0.019031141	0.049810782	0.819	4063	tags=28%, list=8%, signal=30%	
5 FERMENTATION	5 FERMENTATION	Details ...	44	0.63878614	1.5691189	0.004761905	0.049015645	0.825	8133	tags=39%, list=16%, signal=46%	
20.1.3 STRESS.BIOTIC.SIGNALLING	20.1.3 STRESS.BIOTIC.SIGNALLING	Details ...	57	0.6092061	1.5589716	0.004761905	0.05397719	0.859	6588	tags=30%, list=13%, signal=34%	
13.2 AMINO ACID METABOLISM.DEGRADATION	13.2 AMINO ACID METABOLISM.DEGRADATION	Details ...	124	0.54306537	1.5541675	0.0	0.055129535	0.872	5330	tags=33%, list=11%, signal=37%	
30.4 SIGNALLING.PHOSPHINOSITIDES	30.4 SIGNALLING.PHOSPHINOSITIDES	Details ...	78	0.5735447	1.5522469	0.0014858841	0.054891847	0.878	8601	tags=40%, list=17%, signal=48%	
17.5.2 HORMONE METABOLISM.ETHYLENE.SIGNAL TRANSDUCTION	17.5.2 HORMONE METABOLISM.ETHYLENE.SIGNAL TRANSDUCTION	Details ...	100	0.5517885	1.5474228	0.001510574	0.05693329	0.89	6235	tags=33%, list=13%, signal=38%	
29.5.11.1 PROTEIN.DEGRADATION.UBIQUITIN.UBIQUITIN	29.5.11.1 PROTEIN.DEGRADATION.UBIQUITIN.UBIQUITIN	Details ...	54	0.6069288	1.544459	0.010067114	0.057807043	0.897	10875	tags=52%, list=22%, signal=66%	
3.2 MINOR CHO METABOLISM.TREHALOSE	3.2 MINOR CHO METABOLISM.TREHALOSE	Details ...	27	0.6894354	1.5443784	0.02116402	0.056386966	0.897	3623	tags=37%, list=7%, signal=40%	
34.16 TRANSPORT.ABC TRANSPORTERS AND MULTIDRUG RESISTANCE SYSTEMS	34.16 TRANSPORT.ABC TRANSPORTERS AND MULTIDRUG RESISTANCE SYSTEMS	Details ...	219	0.50714475	1.5351549	0.0	0.06092631	0.925	6153	tags=29%, list=12%, signal=33%	
30.1 SIGNALLING.IN SUGAR AND NUTRIENT PHYSIOLOGY	30.1 SIGNALLING.IN SUGAR AND NUTRIENT PHYSIOLOGY	Details ...	66	0.5796352	1.532937	0.01540832	0.060986478	0.928	5106	tags=33%, list=10%, signal=37%	
17.5 HORMONE METABOLISM.ETHYLENE	17.5 HORMONE METABOLISM.ETHYLENE	Details ...	238	0.49506506	1.5173805	0.0	0.07124294	0.955	6702	tags=29%, list=14%, signal=33%	
26.24 MISC.GCN5-RELATED N-ACETYLTRANSFERASE	26.24 MISC.GCN5-RELATED N-ACETYLTRANSFERASE	Details ...	58	0.57952756	1.5093347	0.0064205457	0.07615693	0.969	3923	tags=31%, list=8%, signal=34%	
17.7.1 HORMONE METABOLISM.JASMONATE.SYNTHESIS-DEGRADATION	17.7.1 HORMONE METABOLISM.JASMONATE.SYNTHESIS-DEGRADATION	Details ...	58	0.5903223	1.5069715	0.009646302	0.07574413	0.97	5667	tags=21%, list=11%, signal=23%	
26.11.1 MISC.ALCOHOL DEHYDROGENASES.CINNAMYL ALCOHOL DEHYDROGENASE	26.11.1 MISC.ALCOHOL DEHYDROGENASES.CINNAMYL ALCOHOL DEHYDROGENASE	Details ...	44	0.60422057	1.5065794	0.0130293155	0.074400835	0.97	583	tags=16%, list=1%, signal=16%	
26.11 MISC.ALCOHOL DEHYDROGENASES	26.11 MISC.ALCOHOL DEHYDROGENASES	Details ...	44	0.60422057	1.5044695	0.016366612	0.07447006	0.974	583	tags=16%, list=1%, signal=16%	
34.12 TRANSPORT.METAL	34.12 TRANSPORT.METAL	Details ...	128	0.51650953	1.4969031	0.0042918455	0.07871066	0.983	6870	tags=29%, list=14%, signal=33%	
13.1.1 AMINO ACID METABOLISM.SYNTHESIS.CENTRAL AMINO ACID METABOLISM	13.1.1 AMINO ACID METABOLISM.SYNTHESIS.CENTRAL AMINO ACID METABOLISM	Details ...	24	0.67942846	1.4962044	0.029310346	0.07758543	0.984	5290	tags=54%, list=11%, signal=61%	
26.4.1 MISC.BETA 1,3 GLUCAN HYDROLASES.GLUCAN ENDO-1,3-BETA-GLUCOSIDASE	26.4.1 MISC.BETA 1,3 GLUCAN HYDROLASES.GLUCAN ENDO-1,3-BETA-GLUCOSIDASE	Details ...	79	0.5493958	1.4713008	0.010526316	0.09840679	0.994	4285	tags=19%, list=9%, signal=21%	
13.2.4 AMINO ACID METABOLISM.DEGRADATION.BRANCHED CHAIN GROUP	13.2.4 AMINO ACID METABOLISM.DEGRADATION.BRANCHED CHAIN GROUP		16	0.73843277	1.469099	0.04909091	0.09851027	0.994	4678	tags=50%, list=9%, signal=55%	
29.5.11.3 PROTEIN.DEGRADATION.UBIQUITIN.E2	29.5.11.3 PROTEIN.DEGRADATION.UBIQUITIN.E2		58	0.56360936	1.4679638	0.015948962	0.09752172	0.994	12317	tags=71%, list=25%, signal=94%	
30.3 SIGNALLING.CALCIUM	30.3 SIGNALLING.CALCIUM		395	0.4625941	1.4645151	0.0012360939	0.098586425	0.995	8113	tags=33%, list=16%, signal=39%	
23.2 NUCLEOTIDE METABOLISM.DEGRADATION	23.2 NUCLEOTIDE METABOLISM.DEGRADATION		50	0.5822047	1.4628152	0.018394649	0.09891212	0.996	5593	tags=24%, list=11%, signal=27%	
30.1.1 SIGNALLING.IN SUGAR AND NUTRIENT PHYSIOLOGY.MISC	30.1.1 SIGNALLING.IN SUGAR AND NUTRIENT PHYSIOLOGY.MISC		63	0.56136894	1.4625572	0.017214397	0.09736515	0.996	5106	tags=32%, list=10%, signal=35%	
26.16 MISC.MYROSINASES-LECTIN-JACALIN	26.16 MISC.MYROSINASES-LECTIN-JACALIN		33	0.6235246	1.4615598	0.03150912	0.09677065	0.996	9419	tags=39%, list=19%, signal=49%	
21.4 REDOX.GLUTAREDOXINS	21.4 REDOX.GLUTAREDOXINS		65	0.55864143	1.4566693	0.015649453	0.100098595	0.999	6538	tags=40%, list=13%, signal=46%	
27.3.24 RNA.REGULATION OF TRANSCRIPTION.MADS BOX TRANSCRIPTION FACTOR FAMILY	27.3.24 RNA.REGULATION OF TRANSCRIPTION.MADS BOX TRANSCRIPTION FACTOR FAMILY		177	0.49019858	1.4564934	0.0026990552	0.09854451	0.999	8127	tags=11%, list=16%, signal=13%	
35.1.40 NOT ASSIGNED.NO ONTOLOGY.GLYCINE RICH PROTEINS	35.1.40 NOT ASSIGNED.NO ONTOLOGY.GLYCINE RICH PROTEINS		46	0.5846875	1.4483324	0.028571429	0.10400779	1.0	5406	tags=26%, list=11%, signal=29%	
3.2.3 MINOR CHO METABOLISM.TREHALOSE.POTENTIAL TPS/TPP	3.2.3 MINOR CHO METABOLISM.TREHALOSE.POTENTIAL TPS/TPP		15	0.72888774	1.442727	0.0680147	0.10739818	1.0	3623	tags=47%, list=7%, signal=50%	
30.4.1 SIGNALLING.PHOSPHINOSITIDES.PHOSPHATIDYLINOSITOL-4-PHOSPHATE 5-KINASE	30.4.1 SIGNALLING.PHOSPHINOSITIDES.PHOSPHATIDYLINOSITOL-4-PHOSPHATE 5-KINASE		24	0.6413642	1.4360622	0.06422018	0.11221842	1.0	8601	tags=50%, list=17%, signal=61%	
11.2 LIPID METABOLISM.FA DESATURATION	11.2 LIPID METABOLISM.FA DESATURATION		35	0.59695816	1.4275233	0.04222973	0.1196798	1.0	5665	tags=29%, list=11%, signal=32%	
26.2 MISC.UDP GLUCOSYL AND GLUCORONYL TRANSFERASES	26.2 MISC.UDP GLUCOSYL AND GLUCORONYL TRANSFERASES		431	0.45058653	1.4255198	0.0	0.11970914	1.0	5803	tags=27%, list=12%, signal=30%	
11.9.4 LIPID METABOLISM.LIPID DEGRADATION.BETA-OXIDATION	11.9.4 LIPID METABOLISM.LIPID DEGRADATION.BETA-OXIDATION		70	0.5414169	1.4086552	0.030721966	0.1377443	1.0	9614	tags=46%, list=19%, signal=57%	
16.2 SECONDARY METABOLISM.PHENYLPROPANOIDS	16.2 SECONDARY METABOLISM.PHENYLPROPANOIDS		190	0.4728727	1.406764	0.0055172415	0.13822469	1.0	6200	tags=23%, list=13%, signal=26%	
2.2.1 MAJOR CHO METABOLISM.DEGRADATION.SUCROSE	2.2.1 MAJOR CHO METABOLISM.DEGRADATION.SUCROSE		53	0.55565995	1.4036456	0.035369776	0.13964273	1.0	6139	tags=32%, list=12%, signal=37%	
26.21 MISC.PROTEASE INHIBITOR/SEED STORAGE/LIPID TRANSFER PROTEIN (LTP) FAMILY PROTEIN	26.21 MISC.PROTEASE INHIBITOR/SEED STORAGE/LIPID TRANSFER PROTEIN (LTP) FAMILY PROTEIN		117	0.49429053	1.4006641	0.010218978	0.14115645	1.0	10142	tags=38%, list=21%, signal=47%	
16.8 SECONDARY METABOLISM.FLAVONOIDS	16.8 SECONDARY METABOLISM.FLAVONOIDS		238	0.45673946	1.3961134	0.0026773761	0.14511818	1.0	4399	tags=17%, list=9%, signal=18%	
30.2.19 SIGNALLING.RECEPTOR KINASES.LEGUME-LECTIN	30.2.19 SIGNALLING.RECEPTOR KINASES.LEGUME-LECTIN		38	0.587644	1.3940382	0.048172757	0.14568242	1.0	7199	tags=58%, list=15%, signal=68%	
35.1.19 NOT ASSIGNED.NO ONTOLOGY.C2 DOMAIN-CONTAINING PROTEIN	35.1.19 NOT ASSIGNED.NO ONTOLOGY.C2 DOMAIN-CONTAINING PROTEIN		19	0.6619498	1.3841891	0.08097929	0.15606691	1.0	5914	tags=42%, list=12%, signal=48%	
29.5.3 PROTEIN.DEGRADATION.CYSTEINE PROTEASE	29.5.3 PROTEIN.DEGRADATION.CYSTEINE PROTEASE		190	0.46065128	1.3660458	0.009271523	0.17799613	1.0	8938	tags=19%, list=18%, signal=24%	
34.3 TRANSPORT.AMINO ACIDS	34.3 TRANSPORT.AMINO ACIDS		98	0.49104	1.3656178	0.029940119	0.17619962	1.0	6207	tags=31%, list=13%, signal=35%	
13 AMINO ACID METABOLISM	13 AMINO ACID METABOLISM		372	0.42756358	1.3472066	0.0036585366	0.20106673	1.0	7617	tags=29%, list=15%, signal=34%	
34.21 TRANSPORT.CALCIUM	34.21 TRANSPORT.CALCIUM		24	0.6109066	1.3356829	0.08103131	0.21606459	1.0	8333	tags=54%, list=17%, signal=65%	
34.2 TRANSPORT.SUGARS	34.2 TRANSPORT.SUGARS		116	0.47084203	1.3333753	0.039274924	0.21678677	1.0	5220	tags=21%, list=11%, signal=23%	
29.3.4.1 PROTEIN.TARGETING.SECRETORY PATHWAY.ER	29.3.4.1 PROTEIN.TARGETING.SECRETORY PATHWAY.ER		18	0.63444895	1.3266674	0.10925926	0.22547607	1.0	11643	tags=61%, list=24%, signal=80%	
17.7.1.2 HORMONE METABOLISM.JASMONATE.SYNTHESIS-DEGRADATION.LIPOXYGENASE	17.7.1.2 HORMONE METABOLISM.JASMONATE.SYNTHESIS-DEGRADATION.LIPOXYGENASE		32	0.57538706	1.3216069	0.09586777	0.23048708	1.0	4866	tags=19%, list=10%, signal=21%	
29.3.4 PROTEIN.TARGETING.SECRETORY PATHWAY	29.3.4 PROTEIN.TARGETING.SECRETORY PATHWAY		192	0.44426072	1.3207175	0.022377623	0.22876757	1.0	11330	tags=52%, list=23%, signal=67%	
11.8 LIPID METABOLISM.EXOTICS (STEROIDS, SQUALENE ETC)	11.8 LIPID METABOLISM.EXOTICS (STEROIDS, SQUALENE ETC)		95	0.4801454	1.3192918	0.058122206	0.22801599	1.0	9789	tags=38%, list=20%, signal=47%	
16.1.5 SECONDARY METABOLISM.ISOPRENOIDS.TERPENOIDS	16.1.5 SECONDARY METABOLISM.ISOPRENOIDS.TERPENOIDS		155	0.4497795	1.3175054	0.029535865	0.22800301	1.0	6487	tags=17%, list=13%, signal=20%	
30.2.10 SIGNALLING.RECEPTOR KINASES.LEUCINE RICH REPEAT X	30.2.10 SIGNALLING.RECEPTOR KINASES.LEUCINE RICH REPEAT X		30	0.56522465	1.3159149	0.10069445	0.22789225	1.0	7018	tags=47%, list=14%, signal=54%	
33.1 DEVELOPMENT.STORAGE PROTEINS	33.1 DEVELOPMENT.STORAGE PROTEINS		66	0.5036492	1.3122702	0.07064364	0.23151937	1.0	5792	tags=20%, list=12%, signal=22%	
27.3.35 RNA.REGULATION OF TRANSCRIPTION.BZIP TRANSCRIPTION FACTOR FAMILY	27.3.35 RNA.REGULATION OF TRANSCRIPTION.BZIP TRANSCRIPTION FACTOR FAMILY		142	0.4542187	1.3107845	0.035612535	0.231196	1.0	6552	tags=33%, list=13%, signal=38%	
17.5.1 HORMONE METABOLISM.ETHYLENE.SYNTHESIS-DEGRADATION	17.5.1 HORMONE METABOLISM.ETHYLENE.SYNTHESIS-DEGRADATION		126	0.46070424	1.3079864	0.045123726	0.23309837	1.0	6398	tags=24%, list=13%, signal=27%	
33.2 DEVELOPMENT.LATE EMBRYOGENESIS ABUNDANT	33.2 DEVELOPMENT.LATE EMBRYOGENESIS ABUNDANT		89	0.4783456	1.3066269	0.038880248	0.2325019	1.0	10454	tags=52%, list=21%, signal=65%	
9 MITOCHONDRIAL ELECTRON TRANSPORT / ATP SYNTHESIS	9 MITOCHONDRIAL ELECTRON TRANSPORT / ATP SYNTHESIS		237	0.4269263	1.3001047	0.020806242	0.24074484	1.0	10368	tags=27%, list=21%, signal=34%	
27.3.27 RNA.REGULATION OF TRANSCRIPTION.NAC DOMAIN TRANSCRIPTION FACTOR FAMILY	27.3.27 RNA.REGULATION OF TRANSCRIPTION.NAC DOMAIN TRANSCRIPTION FACTOR FAMILY		86	0.4782196	1.2981317	0.066978194	0.24144031	1.0	7983	tags=44%, list=16%, signal=53%	
30.2.8.2 SIGNALLING.RECEPTOR KINASES.LEUCINE RICH REPEAT VIII.TYPE 2	30.2.8.2 SIGNALLING.RECEPTOR KINASES.LEUCINE RICH REPEAT VIII.TYPE 2		41	0.5330766	1.2968819	0.098522164	0.24077682	1.0	5986	tags=34%, list=12%, signal=39%	
21.2.2 REDOX.ASCORBATE AND GLUTATHIONE.GLUTATHIONE	21.2.2 REDOX.ASCORBATE AND GLUTATHIONE.GLUTATHIONE		15	0.655837	1.2949659	0.15250966	0.24136786	1.0	5032	tags=47%, list=10%, signal=52%	
35.1.21 NOT ASSIGNED.NO ONTOLOGY.EPSIN N-TERMINAL HOMOLOGY (ENTH) DOMAIN-CONTAINING PROTEIN	35.1.21 NOT ASSIGNED.NO ONTOLOGY.EPSIN N-TERMINAL HOMOLOGY (ENTH) DOMAIN-CONTAINING PROTEIN		26	0.57590675	1.287152	0.12655972	0.25276285	1.0	7025	tags=38%, list=14%, signal=45%	
11.6 LIPID METABOLISM.LIPID TRANSFER PROTEINS ETC	11.6 LIPID METABOLISM.LIPID TRANSFER PROTEINS ETC		65	0.49721438	1.2868879	0.08293461	0.25042388	1.0	10743	tags=38%, list=22%, signal=49%	
34.99 TRANSPORT.MISC	34.99 TRANSPORT.MISC		165	0.43751436	1.2862452	0.031680442	0.24882221	1.0	5945	tags=23%, list=12%, signal=26%	
11.9 LIPID METABOLISM.LIPID DEGRADATION	11.9 LIPID METABOLISM.LIPID DEGRADATION		220	0.42708695	1.285046	0.025537634	0.24843873	1.0	7339	tags=29%, list=15%, signal=33%	
10.8.2 CELL WALL.PECTINESTERASES.ACETYL ESTERASE	10.8.2 CELL WALL.PECTINESTERASES.ACETYL ESTERASE		21	0.5983366	1.2764469	0.15107913	0.26179218	1.0	2436	tags=14%, list=5%, signal=15%	
34.1 TRANSPORT.P- AND V-ATPASES	34.1 TRANSPORT.P- AND V-ATPASES		78	0.46832874	1.2706361	0.08173077	0.27013344	1.0	11142	tags=41%, list=23%, signal=53%	
16.5.1.1 SECONDARY METABOLISM.SULFUR-CONTAINING.GLUCOSINOLATES.SYNTHESIS	16.5.1.1 SECONDARY METABOLISM.SULFUR-CONTAINING.GLUCOSINOLATES.SYNTHESIS		78	0.46653628	1.2635291	0.09553159	0.28113192	1.0	4101	tags=17%, list=8%, signal=18%	
17.8 HORMONE METABOLISM.SALICYLIC ACID	17.8 HORMONE METABOLISM.SALICYLIC ACID		22	0.58760345	1.2610089	0.17509025	0.28294507	1.0	3472	tags=14%, list=7%, signal=15%	
26.7 MISC.OXIDASES - COPPER, FLAVONE ETC	26.7 MISC.OXIDASES - COPPER, FLAVONE ETC		168	0.42594394	1.2594184	0.054698456	0.28327554	1.0	5694	tags=20%, list=12%, signal=22%	
16.5.1.1.1 SECONDARY METABOLISM.SULFUR-CONTAINING.GLUCOSINOLATES.SYNTHESIS.ALIPHATIC	16.5.1.1.1 SECONDARY METABOLISM.SULFUR-CONTAINING.GLUCOSINOLATES.SYNTHESIS.ALIPHATIC		78	0.46653628	1.2581109	0.08744038	0.28277186	1.0	4101	tags=17%, list=8%, signal=18%	
21 REDOX	21 REDOX		255	0.41035628	1.2552102	0.04232804	0.2855561	1.0	7565	tags=29%, list=15%, signal=35%	
16.5.1 SECONDARY METABOLISM.SULFUR-CONTAINING.GLUCOSINOLATES	16.5.1 SECONDARY METABOLISM.SULFUR-CONTAINING.GLUCOSINOLATES		79	0.45964518	1.2540984	0.10839695	0.28484705	1.0	4101	tags=16%, list=8%, signal=18%	
23.3.3 NUCLEOTIDE METABOLISM.SALVAGE.NUDIX HYDROLASES	23.3.3 NUCLEOTIDE METABOLISM.SALVAGE.NUDIX HYDROLASES		36	0.5180968	1.2466856	0.14333895	0.2964103	1.0	8661	tags=39%, list=18%, signal=47%	
34.7 TRANSPORT.PHOSPHATE	34.7 TRANSPORT.PHOSPHATE		32	0.5341377	1.2432249	0.16117851	0.3004867	1.0	5419	tags=25%, list=11%, signal=28%	
13.1.5.3 AMINO ACID METABOLISM.SYNTHESIS.SERINE-GLYCINE-CYSTEINE GROUP.CYSTEINE	13.1.5.3 AMINO ACID METABOLISM.SYNTHESIS.SERINE-GLYCINE-CYSTEINE GROUP.CYSTEINE		32	0.52913696	1.2392291	0.1418919	0.3055978	1.0	7019	tags=34%, list=14%, signal=40%	
26.27 MISC.CALCINEURIN-LIKE PHOSPHOESTERASE FAMILY PROTEIN	26.27 MISC.CALCINEURIN-LIKE PHOSPHOESTERASE FAMILY PROTEIN		18	0.5878938	1.2388002	0.18411553	0.30354986	1.0	4406	tags=33%, list=9%, signal=37%	
26.8 MISC.NITRILASES, NITRILE LYASES, BERBERINE BRIDGE ENZYMES, RETICULINE OXIDASES, TROPONINE REDUCTASES	26.8 MISC.NITRILASES, NITRILE LYASES, BERBERINE BRIDGE ENZYMES, RETICULINE OXIDASES, TROPONINE REDUCTASES		136	0.42575914	1.2256786	0.09728183	0.3282254	1.0	3458	tags=14%, list=7%, signal=15%	
17.6.1 HORMONE METABOLISM.GIBBERELIN.SYNTHESIS-DEGRADATION	17.6.1 HORMONE METABOLISM.GIBBERELIN.SYNTHESIS-DEGRADATION		85	0.45350426	1.2250663	0.11901082	0.32645637	1.0	6321	tags=18%, list=13%, signal=20%	
16.5 SECONDARY METABOLISM.SULFUR-CONTAINING	16.5 SECONDARY METABOLISM.SULFUR-CONTAINING		104	0.43510175	1.2178562	0.11078287	0.33864328	1.0	4101	tags=13%, list=8%, signal=14%	
30.2.8 SIGNALLING.RECEPTOR KINASES.LEUCINE RICH REPEAT VIII	30.2.8 SIGNALLING.RECEPTOR KINASES.LEUCINE RICH REPEAT VIII		62	0.46980673	1.213631	0.1509434	0.34428993	1.0	5986	tags=32%, list=12%, signal=37%	
27.3.11 RNA.REGULATION OF TRANSCRIPTION.C2H2 ZINC FINGER FAMILY	27.3.11 RNA.REGULATION OF TRANSCRIPTION.C2H2 ZINC FINGER FAMILY		226	0.40109172	1.2123442	0.06781915	0.34396836	1.0	5614	tags=21%, list=11%, signal=23%	
34.1.1 TRANSPORT.P- AND V-ATPASES.H+-TRANSPORTING TWO-SECTOR ATPASE	34.1.1 TRANSPORT.P- AND V-ATPASES.H+-TRANSPORTING TWO-SECTOR ATPASE		20	0.58319503	1.2041488	0.21516755	0.35847056	1.0	12098	tags=60%, list=25%, signal=79%	
26.4 MISC.BETA 1,3 GLUCAN HYDROLASES	26.4 MISC.BETA 1,3 GLUCAN HYDROLASES		97	0.43060696	1.1862377	0.15285714	0.3970089	1.0	4285	tags=15%, list=9%, signal=17%	
4.3 GLYCOLYSIS.UNCLEAR/DUALLY TARGETED	4.3 GLYCOLYSIS.UNCLEAR/DUALLY TARGETED		16	0.5804588	1.1857735	0.23352166	0.3945337	1.0	6062	tags=25%, list=12%, signal=28%	
18.7 CO-FACTOR AND VITAMINE METABOLISM.IRON-SULPHUR CLUSTERS	18.7 CO-FACTOR AND VITAMINE METABOLISM.IRON-SULPHUR CLUSTERS		16	0.5791836	1.1788127	0.2557252	0.40765813	1.0	8077	tags=44%, list=16%, signal=52%	
29.2.1.2.2.34 PROTEIN.SYNTHESIS.RIBOSOMAL PROTEIN.EUKARYOTIC.60S SUBUNIT.L34	29.2.1.2.2.34 PROTEIN.SYNTHESIS.RIBOSOMAL PROTEIN.EUKARYOTIC.60S SUBUNIT.L34		15	0.58670944	1.1784387	0.2581262	0.40510485	1.0	4448	tags=33%, list=9%, signal=37%	
26.3.5 MISC.GLUCO-, GALACTO- AND MANNOSIDASES.GLYCOSYL HYDROLASE FAMILY 5	26.3.5 MISC.GLUCO-, GALACTO- AND MANNOSIDASES.GLYCOSYL HYDROLASE FAMILY 5		194	0.39310715	1.1748803	0.12719892	0.41053537	1.0	6965	tags=27%, list=14%, signal=31%	
21.2 REDOX.ASCORBATE AND GLUTATHIONE	21.2 REDOX.ASCORBATE AND GLUTATHIONE		74	0.44224855	1.1732672	0.18195719	0.41060844	1.0	6650	tags=31%, list=13%, signal=36%	
20.2.4 STRESS.ABIOTIC.TOUCH/WOUNDING	20.2.4 STRESS.ABIOTIC.TOUCH/WOUNDING		27	0.51388687	1.1717241	0.24783362	0.41076928	1.0	8104	tags=33%, list=16%, signal=40%	
27.3.23 RNA.REGULATION OF TRANSCRIPTION.HEAT-SHOCK TRANSCRIPTION FACTOR FAMILY (HSF)	27.3.23 RNA.REGULATION OF TRANSCRIPTION.HEAT-SHOCK TRANSCRIPTION FACTOR FAMILY (HSF)		33	0.49943674	1.170336	0.23774955	0.41070965	1.0	6770	tags=33%, list=14%, signal=39%	
27.3.60 RNA.REGULATION OF TRANSCRIPTION.NIN-LIKE BZIP-RELATED FAMILY	27.3.60 RNA.REGULATION OF TRANSCRIPTION.NIN-LIKE BZIP-RELATED FAMILY		29	0.51659495	1.1668963	0.23049645	0.41586444	1.0	7195	tags=28%, list=15%, signal=32%	
29.5.11.4.1 PROTEIN.DEGRADATION.UBIQUITIN.E3.HECT	29.5.11.4.1 PROTEIN.DEGRADATION.UBIQUITIN.E3.HECT		43	0.48008803	1.1665499	0.22294022	0.41324556	1.0	12005	tags=28%, list=24%, signal=37%	
11.9.3 LIPID METABOLISM.LIPID DEGRADATION.LYSOPHOSPHOLIPASES	11.9.3 LIPID METABOLISM.LIPID DEGRADATION.LYSOPHOSPHOLIPASES		68	0.4379617	1.1643621	0.2136076	0.41498545	1.0	7057	tags=26%, list=14%, signal=31%	
29.5.4 PROTEIN.DEGRADATION.ASPARTATE PROTEASE	29.5.4 PROTEIN.DEGRADATION.ASPARTATE PROTEASE		102	0.4142919	1.158707	0.18981482	0.4255619	1.0	5600	tags=24%, list=11%, signal=26%	
5.10 FERMENTATION.ALDEHYDE DEHYDROGENASE	5.10 FERMENTATION.ALDEHYDE DEHYDROGENASE		18	0.55675113	1.1572342	0.27504554	0.4257188	1.0	8133	tags=33%, list=16%, signal=40%	
34.9 TRANSPORT.METABOLITE TRANSPORTERS AT THE MITOCHONDRIAL MEMBRANE	34.9 TRANSPORT.METABOLITE TRANSPORTERS AT THE MITOCHONDRIAL MEMBRANE		100	0.416499	1.1532485	0.18562874	0.43204626	1.0	6749	tags=26%, list=14%, signal=30%	
13.2.6 AMINO ACID METABOLISM.DEGRADATION.AROMATIC AA	13.2.6 AMINO ACID METABOLISM.DEGRADATION.AROMATIC AA		29	0.5079976	1.1528431	0.2504472	0.42976913	1.0	4955	tags=38%, list=10%, signal=42%	
29.4.1 PROTEIN.POSTRANSLATIONAL MODIFICATION.KINASE	29.4.1 PROTEIN.POSTRANSLATIONAL MODIFICATION.KINASE		458	0.3607969	1.1514363	0.083028086	0.42993847	1.0	8242	tags=30%, list=17%, signal=36%	
13.1.6.1 AMINO ACID METABOLISM.SYNTHESIS.AROMATIC AA.CHORISMATE	13.1.6.1 AMINO ACID METABOLISM.SYNTHESIS.AROMATIC AA.CHORISMATE		18	0.5564636	1.1469551	0.27272728	0.43799818	1.0	7537	tags=56%, list=15%, signal=66%	
20.2.3 STRESS.ABIOTIC.DROUGHT/SALT	20.2.3 STRESS.ABIOTIC.DROUGHT/SALT		61	0.4391842	1.1462144	0.20919175	0.43638515	1.0	10810	tags=43%, list=22%, signal=55%	
23.3 NUCLEOTIDE METABOLISM.SALVAGE	23.3 NUCLEOTIDE METABOLISM.SALVAGE		60	0.44071287	1.1439725	0.22770701	0.43868208	1.0	8661	tags=37%, list=18%, signal=44%	
29.3.4.3 PROTEIN.TARGETING.SECRETORY PATHWAY.VACUOLE	29.3.4.3 PROTEIN.TARGETING.SECRETORY PATHWAY.VACUOLE		44	0.46265975	1.1419393	0.22462562	0.44024438	1.0	10340	tags=36%, list=21%, signal=46%	
24.2 BIODEGRADATION OF XENOBIOTICS.LACTOYLGLUTATHIONE LYASE	24.2 BIODEGRADATION OF XENOBIOTICS.LACTOYLGLUTATHIONE LYASE		19	0.5380691	1.1378672	0.28176796	0.44682834	1.0	6348	tags=32%, list=13%, signal=36%	
17.4.1 HORMONE METABOLISM.CYTOKININ.SYNTHESIS-DEGRADATION	17.4.1 HORMONE METABOLISM.CYTOKININ.SYNTHESIS-DEGRADATION		85	0.41076455	1.130138	0.21947674	0.4628917	1.0	4528	tags=5%, list=9%, signal=5%	
13.1 AMINO ACID METABOLISM.SYNTHESIS	13.1 AMINO ACID METABOLISM.SYNTHESIS		232	0.3675514	1.1288068	0.17639257	0.46269137	1.0	7202	tags=23%, list=15%, signal=27%	
27.3.37 RNA.REGULATION OF TRANSCRIPTION.LATERAL ORGAN BOUNDARIES GENE FAMILY (AS2)	27.3.37 RNA.REGULATION OF TRANSCRIPTION.LATERAL ORGAN BOUNDARIES GENE FAMILY (AS2)		50	0.44957945	1.1230047	0.2730159	0.4739916	1.0	10470	tags=42%, list=21%, signal=53%	
29.3.4.99 PROTEIN.TARGETING.SECRETORY PATHWAY.UNSPECIFIED	29.3.4.99 PROTEIN.TARGETING.SECRETORY PATHWAY.UNSPECIFIED		104	0.4013378	1.1217446	0.24695122	0.4738532	1.0	11330	tags=54%, list=23%, signal=70%	
2.2 MAJOR CHO METABOLISM.DEGRADATION	2.2 MAJOR CHO METABOLISM.DEGRADATION		91	0.40897557	1.1211301	0.23845008	0.47218838	1.0	4063	tags=20%, list=8%, signal=22%	
13.1.6 AMINO ACID METABOLISM.SYNTHESIS.AROMATIC AA	13.1.6 AMINO ACID METABOLISM.SYNTHESIS.AROMATIC AA		81	0.4156445	1.1179389	0.23853211	0.47703514	1.0	4812	tags=20%, list=10%, signal=22%	
17.1.2 HORMONE METABOLISM.ABSCISIC ACID.SIGNAL TRANSDUCTION	17.1.2 HORMONE METABOLISM.ABSCISIC ACID.SIGNAL TRANSDUCTION		33	0.48213673	1.1150179	0.26956522	0.48153305	1.0	5187	tags=27%, list=11%, signal=30%	
16.1 SECONDARY METABOLISM.ISOPRENOIDS	16.1 SECONDARY METABOLISM.ISOPRENOIDS		268	0.35975733	1.1085005	0.1859558	0.49497586	1.0	6175	tags=15%, list=13%, signal=17%	
29.3.4.2 PROTEIN.TARGETING.SECRETORY PATHWAY.GOLGI	29.3.4.2 PROTEIN.TARGETING.SECRETORY PATHWAY.GOLGI		19	0.5222249	1.100724	0.33272395	0.51198107	1.0	11582	tags=68%, list=23%, signal=89%	
9.6 MITOCHONDRIAL ELECTRON TRANSPORT / ATP SYNTHESIS.CYTOCHROME C	9.6 MITOCHONDRIAL ELECTRON TRANSPORT / ATP SYNTHESIS.CYTOCHROME C		30	0.4781643	1.0993514	0.33333334	0.5120538	1.0	6439	tags=20%, list=13%, signal=23%	
26.22 MISC.SHORT CHAIN DEHYDROGENASE/REDUCTASE (SDR)	26.22 MISC.SHORT CHAIN DEHYDROGENASE/REDUCTASE (SDR)		115	0.3836441	1.0960389	0.26448736	0.5172664	1.0	5755	tags=23%, list=12%, signal=26%	
11.1.8 LIPID METABOLISM.FA SYNTHESIS AND FA ELONGATION.ACYL COA LIGASE	11.1.8 LIPID METABOLISM.FA SYNTHESIS AND FA ELONGATION.ACYL COA LIGASE		34	0.46584377	1.0943948	0.3173242	0.5179882	1.0	3774	tags=21%, list=8%, signal=22%	
10.1 CELL WALL.PRECURSOR SYNTHESIS	10.1 CELL WALL.PRECURSOR SYNTHESIS		65	0.4234525	1.0942353	0.29872206	0.51484716	1.0	8555	tags=35%, list=17%, signal=43%	
27.3.25 RNA.REGULATION OF TRANSCRIPTION.MYB DOMAIN TRANSCRIPTION FACTOR FAMILY	27.3.25 RNA.REGULATION OF TRANSCRIPTION.MYB DOMAIN TRANSCRIPTION FACTOR FAMILY		235	0.35361546	1.078712	0.26657826	0.5531717	1.0	5292	tags=18%, list=11%, signal=20%	
27.3.66 RNA.REGULATION OF TRANSCRIPTION.PSEUDO ARR TRANSCRIPTION FACTOR FAMILY	27.3.66 RNA.REGULATION OF TRANSCRIPTION.PSEUDO ARR TRANSCRIPTION FACTOR FAMILY		23	0.49211147	1.0758647	0.33790737	0.55751234	1.0	8532	tags=17%, list=17%, signal=21%	
13.2.3 AMINO ACID METABOLISM.DEGRADATION.ASPARTATE FAMILY	13.2.3 AMINO ACID METABOLISM.DEGRADATION.ASPARTATE FAMILY		24	0.48160368	1.0609396	0.37522125	0.59537905	1.0	2412	tags=21%, list=5%, signal=22%	
17.1.1 HORMONE METABOLISM.ABSCISIC ACID.SYNTHESIS-DEGRADATION	17.1.1 HORMONE METABOLISM.ABSCISIC ACID.SYNTHESIS-DEGRADATION		43	0.42965847	1.0599847	0.3611111	0.59405416	1.0	2130	tags=16%, list=4%, signal=17%	
11.9.2 LIPID METABOLISM.LIPID DEGRADATION.LIPASES	11.9.2 LIPID METABOLISM.LIPID DEGRADATION.LIPASES		72	0.3938877	1.0509073	0.34915772	0.61689675	1.0	3732	tags=21%, list=8%, signal=23%	
30.2.99 SIGNALLING.RECEPTOR KINASES.MISC	30.2.99 SIGNALLING.RECEPTOR KINASES.MISC		206	0.34672886	1.0418566	0.33424658	0.64000267	1.0	9560	tags=30%, list=19%, signal=37%	
13.2.6.3 AMINO ACID METABOLISM.DEGRADATION.AROMATIC AA.TRYPTOPHAN	13.2.6.3 AMINO ACID METABOLISM.DEGRADATION.AROMATIC AA.TRYPTOPHAN		25	0.46997598	1.0403382	0.39964476	0.64017415	1.0	4955	tags=36%, list=10%, signal=40%	
15 METAL HANDLING	15 METAL HANDLING		145	0.3555445	1.039505	0.36560693	0.6385378	1.0	7003	tags=25%, list=14%, signal=29%	
23 NUCLEOTIDE METABOLISM	23 NUCLEOTIDE METABOLISM		216	0.34479955	1.0391248	0.35394737	0.6355748	1.0	8661	tags=26%, list=18%, signal=31%	
13.1.5 AMINO ACID METABOLISM.SYNTHESIS.SERINE-GLYCINE-CYSTEINE GROUP	13.1.5 AMINO ACID METABOLISM.SYNTHESIS.SERINE-GLYCINE-CYSTEINE GROUP		39	0.4323053	1.038516	0.39285713	0.63334614	1.0	7019	tags=28%, list=14%, signal=33%	
27.3.49 RNA.REGULATION OF TRANSCRIPTION.GEBP LIKE	27.3.49 RNA.REGULATION OF TRANSCRIPTION.GEBP LIKE		15	0.52371347	1.0301008	0.43454546	0.65405184	1.0	10586	tags=47%, list=21%, signal=59%	
13.1.4.1 AMINO ACID METABOLISM.SYNTHESIS.BRANCHED CHAIN GROUP.COMMON	13.1.4.1 AMINO ACID METABOLISM.SYNTHESIS.BRANCHED CHAIN GROUP.COMMON		16	0.50173485	1.0221725	0.43314502	0.67325485	1.0	3803	tags=13%, list=8%, signal=14%	
34.8 TRANSPORT.METABOLITE TRANSPORTERS AT THE ENVELOPE MEMBRANE	34.8 TRANSPORT.METABOLITE TRANSPORTERS AT THE ENVELOPE MEMBRANE		37	0.42447498	1.0210421	0.41226575	0.67250717	1.0	11049	tags=51%, list=22%, signal=66%	
17.4 HORMONE METABOLISM.CYTOKININ	17.4 HORMONE METABOLISM.CYTOKININ		93	0.36572444	1.0186591	0.41424417	0.6750978	1.0	8611	tags=8%, list=17%, signal=9%	
8.1.1 TCA / ORGANIC TRANSFORMATION.TCA.PYRUVATE DH	8.1.1 TCA / ORGANIC TRANSFORMATION.TCA.PYRUVATE DH		15	0.51410115	1.0178639	0.4302721	0.6732113	1.0	6900	tags=47%, list=14%, signal=54%	
34.22 TRANSPORT.CYCLIC NUCLEOTIDE OR CALCIUM REGULATED CHANNELS	34.22 TRANSPORT.CYCLIC NUCLEOTIDE OR CALCIUM REGULATED CHANNELS		26	0.44849563	1.0176259	0.4283217	0.66974443	1.0	7061	tags=50%, list=14%, signal=58%	
29.3.5 PROTEIN.TARGETING.PEROXISOMES	29.3.5 PROTEIN.TARGETING.PEROXISOMES		23	0.4717576	1.0162755	0.45043477	0.6694126	1.0	2290	tags=9%, list=5%, signal=9%	
9.1 MITOCHONDRIAL ELECTRON TRANSPORT / ATP SYNTHESIS.NADH-DH (TYPE I)	9.1 MITOCHONDRIAL ELECTRON TRANSPORT / ATP SYNTHESIS.NADH-DH (TYPE I)		74	0.37433866	1.0125967	0.42630744	0.6763457	1.0	13590	tags=38%, list=28%, signal=52%	
34.6 TRANSPORT.SULPHATE	34.6 TRANSPORT.SULPHATE		16	0.49763605	1.0072453	0.4368421	0.68780434	1.0	2500	tags=19%, list=5%, signal=20%	
11.9.3.1 LIPID METABOLISM.LIPID DEGRADATION.LYSOPHOSPHOLIPASES.PHOSPHOLIPASE D	11.9.3.1 LIPID METABOLISM.LIPID DEGRADATION.LYSOPHOSPHOLIPASES.PHOSPHOLIPASE D		25	0.4441208	1.0056324	0.43791947	0.68837774	1.0	8313	tags=28%, list=17%, signal=34%	
4 GLYCOLYSIS	4 GLYCOLYSIS		92	0.36196336	1.0012517	0.45300463	0.6968005	1.0	7772	tags=25%, list=16%, signal=30%	
9.7 MITOCHONDRIAL ELECTRON TRANSPORT / ATP SYNTHESIS.CYTOCHROME C OXIDASE	9.7 MITOCHONDRIAL ELECTRON TRANSPORT / ATP SYNTHESIS.CYTOCHROME C OXIDASE		41	0.40682513	0.9981685	0.45659164	0.70153296	1.0	10318	tags=34%, list=21%, signal=43%	
26.3 MISC.GLUCO-, GALACTO- AND MANNOSIDASES	26.3 MISC.GLUCO-, GALACTO- AND MANNOSIDASES		264	0.3247679	0.99774677	0.47964376	0.6985472	1.0	6965	tags=22%, list=14%, signal=25%	
21.1 REDOX.THIOREDOXIN	21.1 REDOX.THIOREDOXIN		79	0.36770105	0.9968087	0.46707505	0.6971094	1.0	7565	tags=25%, list=15%, signal=30%	
26.13 MISC.ACID AND OTHER PHOSPHATASES	26.13 MISC.ACID AND OTHER PHOSPHATASES		113	0.3504708	0.9917025	0.4764622	0.70808834	1.0	8072	tags=29%, list=16%, signal=35%	
27.3.3 RNA.REGULATION OF TRANSCRIPTION.AP2/EREBP, APETALA2/ETHYLENE-RESPONSIVE ELEMENT BINDING PROTEIN FAMILY	27.3.3 RNA.REGULATION OF TRANSCRIPTION.AP2/EREBP, APETALA2/ETHYLENE-RESPONSIVE ELEMENT BINDING PROTEIN FAMILY		188	0.3334736	0.9907038	0.4862259	0.7068339	1.0	9041	tags=27%, list=18%, signal=33%	
29.5.11.4.3.1 PROTEIN.DEGRADATION.UBIQUITIN.E3.SCF.SKP	29.5.11.4.3.1 PROTEIN.DEGRADATION.UBIQUITIN.E3.SCF.SKP		56	0.38638556	0.9888866	0.46537843	0.7079442	1.0	11462	tags=9%, list=23%, signal=12%	
9.1.1 MITOCHONDRIAL ELECTRON TRANSPORT / ATP SYNTHESIS.NADH-DH (TYPE I).COMPLEX I	9.1.1 MITOCHONDRIAL ELECTRON TRANSPORT / ATP SYNTHESIS.NADH-DH (TYPE I).COMPLEX I		21	0.46378213	0.9846751	0.46750903	0.7158759	1.0	5340	tags=14%, list=11%, signal=16%	
18.4 CO-FACTOR AND VITAMINE METABOLISM.PANTOTHENATE	18.4 CO-FACTOR AND VITAMINE METABOLISM.PANTOTHENATE		16	0.4903163	0.98262495	0.49718574	0.71794355	1.0	8182	tags=44%, list=17%, signal=52%	
17.6 HORMONE METABOLISM.GIBBERELIN	17.6 HORMONE METABOLISM.GIBBERELIN		112	0.35018003	0.98101	0.5057637	0.7184551	1.0	5708	tags=17%, list=12%, signal=19%	
20.2 STRESS.ABIOTIC	20.2 STRESS.ABIOTIC		496	0.30507314	0.97701013	0.56213015	0.72614497	1.0	9681	tags=25%, list=20%, signal=31%	
10.7 CELL WALL.MODIFICATION	10.7 CELL WALL.MODIFICATION		62	0.37269422	0.9760337	0.4826546	0.72486705	1.0	4267	tags=15%, list=9%, signal=16%	
16.4 SECONDARY METABOLISM.N MISC	16.4 SECONDARY METABOLISM.N MISC		42	0.39885226	0.975553	0.48896435	0.72217256	1.0	4388	tags=19%, list=9%, signal=21%	
29.4.1.56 PROTEIN.POSTRANSLATIONAL MODIFICATION.KINASE.RECEPTOR LIKE CYTOPLASMATIC KINASE VI	29.4.1.56 PROTEIN.POSTRANSLATIONAL MODIFICATION.KINASE.RECEPTOR LIKE CYTOPLASMATIC KINASE VI		15	0.48879102	0.97349364	0.5117967	0.7240734	1.0	2911	tags=27%, list=6%, signal=28%	
16.4.1 SECONDARY METABOLISM.N MISC.ALKALOID-LIKE	16.4.1 SECONDARY METABOLISM.N MISC.ALKALOID-LIKE		38	0.39584073	0.9670811	0.51342285	0.7376679	1.0	4388	tags=18%, list=9%, signal=20%	
11.9.2.1 LIPID METABOLISM.LIPID DEGRADATION.LIPASES.TRIACYLGLYCEROL LIPASE	11.9.2.1 LIPID METABOLISM.LIPID DEGRADATION.LIPASES.TRIACYLGLYCEROL LIPASE		68	0.36845696	0.9609201	0.51638067	0.7515356	1.0	5696	tags=24%, list=12%, signal=27%	
34.10 TRANSPORT.NUCLEOTIDES	34.10 TRANSPORT.NUCLEOTIDES		47	0.38409862	0.9569902	0.5313531	0.7578585	1.0	3919	tags=13%, list=8%, signal=14%	
27.3.14 RNA.REGULATION OF TRANSCRIPTION.CCAAT BOX BINDING FACTOR FAMILY, HAP2	27.3.14 RNA.REGULATION OF TRANSCRIPTION.CCAAT BOX BINDING FACTOR FAMILY, HAP2		15	0.47823468	0.95680046	0.52272725	0.75428236	1.0	2014	tags=13%, list=4%, signal=14%	
1.1.3 PS.LIGHTREACTION.CYTOCHROME B6/F	1.1.3 PS.LIGHTREACTION.CYTOCHROME B6/F		22	0.4387718	0.95516557	0.53217393	0.7544901	1.0	7872	tags=18%, list=16%, signal=22%	
17.1.1.1 HORMONE METABOLISM.ABSCISIC ACID.SYNTHESIS-DEGRADATION.SYNTHESIS	17.1.1.1 HORMONE METABOLISM.ABSCISIC ACID.SYNTHESIS-DEGRADATION.SYNTHESIS		36	0.40122408	0.9545923	0.53858787	0.75205505	1.0	2100	tags=14%, list=4%, signal=14%	
27.3.21 RNA.REGULATION OF TRANSCRIPTION.GRAS TRANSCRIPTION FACTOR FAMILY	27.3.21 RNA.REGULATION OF TRANSCRIPTION.GRAS TRANSCRIPTION FACTOR FAMILY		40	0.3914729	0.95021415	0.5393635	0.7602447	1.0	5996	tags=33%, list=12%, signal=37%	
34.15 TRANSPORT.POTASSIUM	34.15 TRANSPORT.POTASSIUM		72	0.35999683	0.94413805	0.53763443	0.7730362	1.0	8501	tags=26%, list=17%, signal=32%	
16.1.2 SECONDARY METABOLISM.ISOPRENOIDS.MEVALONATE PATHWAY	16.1.2 SECONDARY METABOLISM.ISOPRENOIDS.MEVALONATE PATHWAY		47	0.37988177	0.94345284	0.55481726	0.7706676	1.0	9324	tags=30%, list=19%, signal=37%	
16.1.1 SECONDARY METABOLISM.ISOPRENOIDS.NON-MEVALONATE PATHWAY	16.1.1 SECONDARY METABOLISM.ISOPRENOIDS.NON-MEVALONATE PATHWAY		23	0.42780903	0.943229	0.5425532	0.76710445	1.0	361	tags=9%, list=1%, signal=9%	
29.5.9 PROTEIN.DEGRADATION.AAA TYPE	29.5.9 PROTEIN.DEGRADATION.AAA TYPE		59	0.36860827	0.93925357	0.5786062	0.77379525	1.0	5783	tags=25%, list=12%, signal=29%	
29.5.11.20 PROTEIN.DEGRADATION.UBIQUITIN.PROTEASOM	29.5.11.20 PROTEIN.DEGRADATION.UBIQUITIN.PROTEASOM		73	0.3497111	0.9376829	0.5650155	0.7740849	1.0	13287	tags=60%, list=27%, signal=82%	
17.1.1.1.12 HORMONE METABOLISM.ABSCISIC ACID.SYNTHESIS-DEGRADATION.SYNTHESIS.ABSCISIC ALDEHYDE OXIDASE	17.1.1.1.12 HORMONE METABOLISM.ABSCISIC ACID.SYNTHESIS-DEGRADATION.SYNTHESIS.ABSCISIC ALDEHYDE OXIDASE		17	0.45743752	0.9311761	0.54727274	0.7881146	1.0	1608	tags=18%, list=3%, signal=18%	
20.1.2.2 STRESS.BIOTIC.RECEPTORS.TIR-NBS-LRR	20.1.2.2 STRESS.BIOTIC.RECEPTORS.TIR-NBS-LRR		140	0.31775764	0.9224807	0.62807524	0.8081129	1.0	9161	tags=28%, list=19%, signal=34%	
2.2.2.1 MAJOR CHO METABOLISM.DEGRADATION.STARCH.STARCH CLEAVAGE	2.2.2.1 MAJOR CHO METABOLISM.DEGRADATION.STARCH.STARCH CLEAVAGE		18	0.4433913	0.91592926	0.59325397	0.82188123	1.0	3013	tags=22%, list=6%, signal=24%	
18 CO-FACTOR AND VITAMINE METABOLISM	18 CO-FACTOR AND VITAMINE METABOLISM		99	0.32274497	0.91137636	0.6499239	0.8300253	1.0	8182	tags=29%, list=17%, signal=35%	
4.1 GLYCOLYSIS.CYTOSOLIC BRANCH	4.1 GLYCOLYSIS.CYTOSOLIC BRANCH		63	0.33944726	0.90665185	0.64490443	0.83849543	1.0	7772	tags=25%, list=16%, signal=30%	
30.2.20 SIGNALLING.RECEPTOR KINASES.WHEAT LRK10 LIKE	30.2.20 SIGNALLING.RECEPTOR KINASES.WHEAT LRK10 LIKE		21	0.4235857	0.89976996	0.64014465	0.85234934	1.0	5675	tags=33%, list=12%, signal=38%	
29.7 PROTEIN.GLYCOSYLATION	29.7 PROTEIN.GLYCOSYLATION		74	0.3345423	0.898471	0.6578125	0.85142237	1.0	10145	tags=30%, list=21%, signal=37%	
34.13 TRANSPORT.PEPTIDES AND OLIGOPEPTIDES	34.13 TRANSPORT.PEPTIDES AND OLIGOPEPTIDES		123	0.31408393	0.89620274	0.6878788	0.8528289	1.0	6232	tags=20%, list=13%, signal=23%	
15.2 METAL HANDLING.BINDING, CHELATION AND STORAGE	15.2 METAL HANDLING.BINDING, CHELATION AND STORAGE		117	0.3169468	0.89511615	0.69264704	0.85162276	1.0	7003	tags=21%, list=14%, signal=24%	
13.1.3.4 AMINO ACID METABOLISM.SYNTHESIS.ASPARTATE FAMILY.METHIONINE	13.1.3.4 AMINO ACID METABOLISM.SYNTHESIS.ASPARTATE FAMILY.METHIONINE		18	0.42354378	0.89315665	0.6076389	0.8524947	1.0	12273	tags=39%, list=25%, signal=52%	
9.1.2 MITOCHONDRIAL ELECTRON TRANSPORT / ATP SYNTHESIS.NADH-DH (TYPE I).LOCALISATION NOT CLEAR	9.1.2 MITOCHONDRIAL ELECTRON TRANSPORT / ATP SYNTHESIS.NADH-DH (TYPE I).LOCALISATION NOT CLEAR		53	0.34971514	0.89151525	0.64649683	0.85247475	1.0	13760	tags=40%, list=28%, signal=55%	
2 MAJOR CHO METABOLISM	2 MAJOR CHO METABOLISM		138	0.30514044	0.8849348	0.7254623	0.86512125	1.0	6139	tags=19%, list=12%, signal=21%	
11.3 LIPID METABOLISM.PHOSPHOLIPID SYNTHESIS	11.3 LIPID METABOLISM.PHOSPHOLIPID SYNTHESIS		65	0.34413984	0.8839362	0.6666667	0.8636008	1.0	5921	tags=20%, list=12%, signal=23%	
30.5 SIGNALLING.G-PROTEINS	30.5 SIGNALLING.G-PROTEINS		319	0.28001806	0.87521005	0.83866835	0.881685	1.0	7866	tags=24%, list=16%, signal=29%	
27.3.15 RNA.REGULATION OF TRANSCRIPTION.CCAAT BOX BINDING FACTOR FAMILY, HAP3	27.3.15 RNA.REGULATION OF TRANSCRIPTION.CCAAT BOX BINDING FACTOR FAMILY, HAP3		24	0.3930731	0.87278515	0.6731449	0.88361	1.0	10278	tags=29%, list=21%, signal=37%	
20.2.1 STRESS.ABIOTIC.HEAT	20.2.1 STRESS.ABIOTIC.HEAT		372	0.27482992	0.866399	0.8900966	0.8951846	1.0	9416	tags=23%, list=19%, signal=29%	
34.4 TRANSPORT.NITRATE	34.4 TRANSPORT.NITRATE		29	0.37107912	0.8575449	0.69343066	0.9124547	1.0	5417	tags=21%, list=11%, signal=23%	
18.2 CO-FACTOR AND VITAMINE METABOLISM.THIAMINE	18.2 CO-FACTOR AND VITAMINE METABOLISM.THIAMINE		17	0.42318794	0.85164636	0.6818182	0.922759	1.0	4444	tags=24%, list=9%, signal=26%	
24 BIODEGRADATION OF XENOBIOTICS	24 BIODEGRADATION OF XENOBIOTICS		35	0.35757187	0.85008824	0.71285474	0.9219946	1.0	1557	tags=11%, list=3%, signal=12%	
30.2.16 SIGNALLING.RECEPTOR KINASES.CATHARANTHUS ROSEUS-LIKE RLK1	30.2.16 SIGNALLING.RECEPTOR KINASES.CATHARANTHUS ROSEUS-LIKE RLK1		79	0.3119555	0.84840024	0.75373137	0.9214341	1.0	7545	tags=19%, list=15%, signal=22%	
26.1 MISC.MISC2	26.1 MISC.MISC2		15	0.4276488	0.8415814	0.68761224	0.9330476	1.0	6281	tags=33%, list=13%, signal=38%	
11.9.4.13 LIPID METABOLISM.LIPID DEGRADATION.BETA-OXIDATION.ACYL COA REDUCTASE	11.9.4.13 LIPID METABOLISM.LIPID DEGRADATION.BETA-OXIDATION.ACYL COA REDUCTASE		28	0.3719197	0.8405128	0.7400722	0.9311798	1.0	8772	tags=29%, list=18%, signal=35%	
3 MINOR CHO METABOLISM	3 MINOR CHO METABOLISM		143	0.28924584	0.8384847	0.84110785	0.9313371	1.0	4615	tags=13%, list=9%, signal=15%	
17.1 HORMONE METABOLISM.ABSCISIC ACID	17.1 HORMONE METABOLISM.ABSCISIC ACID		111	0.29827654	0.8371972	0.818448	0.92993325	1.0	5970	tags=20%, list=12%, signal=22%	
35.1.41 NOT ASSIGNED.NO ONTOLOGY.HYDROXYPROLINE RICH PROTEINS	35.1.41 NOT ASSIGNED.NO ONTOLOGY.HYDROXYPROLINE RICH PROTEINS		80	0.3038231	0.8262193	0.81776416	0.949988	1.0	10535	tags=33%, list=21%, signal=41%	
29.3 PROTEIN.TARGETING	29.3 PROTEIN.TARGETING		367	0.2618062	0.821437	0.9711055	0.9556119	1.0	11338	tags=36%, list=23%, signal=47%	
10.2.1 CELL WALL.CELLULOSE SYNTHESIS.CELLULOSE SYNTHASE	10.2.1 CELL WALL.CELLULOSE SYNTHESIS.CELLULOSE SYNTHASE		49	0.32343003	0.81898046	0.7922078	0.956322	1.0	3389	tags=16%, list=7%, signal=18%	
35.1.3 NOT ASSIGNED.NO ONTOLOGY.ARMADILLO/BETA-CATENIN REPEAT FAMILY PROTEIN	35.1.3 NOT ASSIGNED.NO ONTOLOGY.ARMADILLO/BETA-CATENIN REPEAT FAMILY PROTEIN		39	0.33709487	0.8104895	0.8055556	0.9688087	1.0	5716	tags=23%, list=12%, signal=26%	
27.3.7 RNA.REGULATION OF TRANSCRIPTION.C2C2(ZN) CONSTANS-LIKE ZINC FINGER FAMILY (CO-LIKE)	27.3.7 RNA.REGULATION OF TRANSCRIPTION.C2C2(ZN) CONSTANS-LIKE ZINC FINGER FAMILY (CO-LIKE)		45	0.33016247	0.8050175	0.813099	0.97522634	1.0	6913	tags=27%, list=14%, signal=31%	
35.1.42 NOT ASSIGNED.NO ONTOLOGY.PROLINE RICH FAMILY	35.1.42 NOT ASSIGNED.NO ONTOLOGY.PROLINE RICH FAMILY		25	0.35497895	0.8036306	0.76573426	0.9732549	1.0	5796	tags=20%, list=12%, signal=23%	
17.3.2 HORMONE METABOLISM.BRASSINOSTEROID.SIGNAL TRANSDUCTION	17.3.2 HORMONE METABOLISM.BRASSINOSTEROID.SIGNAL TRANSDUCTION		20	0.36981758	0.79956836	0.7674825	0.9765984	1.0	6693	tags=30%, list=14%, signal=35%	
23.4 NUCLEOTIDE METABOLISM.PHOSPHOTRANSFER AND PYROPHOSPHATASES	23.4 NUCLEOTIDE METABOLISM.PHOSPHOTRANSFER AND PYROPHOSPHATASES		43	0.32954544	0.798044	0.8129032	0.9749999	1.0	6625	tags=23%, list=13%, signal=27%	
17.1.1.1.10 HORMONE METABOLISM.ABSCISIC ACID.SYNTHESIS-DEGRADATION.SYNTHESIS.9-CIS-EPOXYCAROTENOID DIOXYGENASE	17.1.1.1.10 HORMONE METABOLISM.ABSCISIC ACID.SYNTHESIS-DEGRADATION.SYNTHESIS.9-CIS-EPOXYCAROTENOID DIOXYGENASE		18	0.38266733	0.7915841	0.7858407	0.98189694	1.0	4422	tags=17%, list=9%, signal=18%	
16.10 SECONDARY METABOLISM.SIMPLE PHENOLS	16.10 SECONDARY METABOLISM.SIMPLE PHENOLS		38	0.32563636	0.78734696	0.81198	0.984778	1.0	7	tags=3%, list=0%, signal=3%	
34.19 TRANSPORT.MAJOR INTRINSIC PROTEINS	34.19 TRANSPORT.MAJOR INTRINSIC PROTEINS		44	0.32121772	0.77864516	0.8743633	0.99446344	1.0	3540	tags=16%, list=7%, signal=17%	
10.6.1 CELL WALL.DEGRADATION.CELLULASES AND BETA-1,4-GLUCANASES	10.6.1 CELL WALL.DEGRADATION.CELLULASES AND BETA-1,4-GLUCANASES		39	0.3223911	0.77645636	0.85690236	0.99359107	1.0	2386	tags=8%, list=5%, signal=8%	
9.9 MITOCHONDRIAL ELECTRON TRANSPORT / ATP SYNTHESIS.F1-ATPASE	9.9 MITOCHONDRIAL ELECTRON TRANSPORT / ATP SYNTHESIS.F1-ATPASE		63	0.2950947	0.77055615	0.89892805	0.9982285	1.0	11350	tags=27%, list=23%, signal=35%	
27.3.36 RNA.REGULATION OF TRANSCRIPTION.ARGONAUTE TRANSCRIPTION FACTOR FAMILY	27.3.36 RNA.REGULATION OF TRANSCRIPTION.ARGONAUTE TRANSCRIPTION FACTOR FAMILY		18	0.37267482	0.7699638	0.7799642	0.9947628	1.0	7728	tags=33%, list=16%, signal=40%	
34.14 TRANSPORT.UNSPECIFIED CATIONS	34.14 TRANSPORT.UNSPECIFIED CATIONS		68	0.28366548	0.7502761	0.9216	1.0	1.0	8308	tags=29%, list=17%, signal=35%	
13.1.5.3.1 AMINO ACID METABOLISM.SYNTHESIS.SERINE-GLYCINE-CYSTEINE GROUP.CYSTEINE.OASTL	13.1.5.3.1 AMINO ACID METABOLISM.SYNTHESIS.SERINE-GLYCINE-CYSTEINE GROUP.CYSTEINE.OASTL		20	0.3462157	0.7466952	0.8165785	1.0	1.0	6322	tags=20%, list=13%, signal=23%	
26.18 MISC.INVERTASE/PECTIN METHYLESTERASE INHIBITOR FAMILY PROTEIN	26.18 MISC.INVERTASE/PECTIN METHYLESTERASE INHIBITOR FAMILY PROTEIN		49	0.29899678	0.74636453	0.9085072	1.0	1.0	5122	tags=14%, list=10%, signal=16%	
8.2 TCA / ORGANIC TRANSFORMATION.OTHER ORGANIC ACID TRANSFORMATIONS	8.2 TCA / ORGANIC TRANSFORMATION.OTHER ORGANIC ACID TRANSFORMATIONS		22	0.3465564	0.74224156	0.8754448	1.0	1.0	3864	tags=18%, list=8%, signal=20%	
29.2.1.1.2.1 PROTEIN.SYNTHESIS.RIBOSOMAL PROTEIN.PROKARYOTIC.MITOCHONDRION.30S SUBUNIT	29.2.1.1.2.1 PROTEIN.SYNTHESIS.RIBOSOMAL PROTEIN.PROKARYOTIC.MITOCHONDRION.30S SUBUNIT		22	0.33826998	0.73314285	0.85989493	1.0	1.0	8526	tags=18%, list=17%, signal=22%	
21.2.1 REDOX.ASCORBATE AND GLUTATHIONE.ASCORBATE	21.2.1 REDOX.ASCORBATE AND GLUTATHIONE.ASCORBATE		25	0.32362014	0.7320788	0.9006969	1.0	1.0	3746	tags=16%, list=8%, signal=17%	
5.3 FERMENTATION.ADH	5.3 FERMENTATION.ADH		17	0.35023785	0.7233318	0.85431653	1.0	1.0	7977	tags=29%, list=16%, signal=35%	
29.5.11.4.3.3 PROTEIN.DEGRADATION.UBIQUITIN.E3.SCF.CULLIN	29.5.11.4.3.3 PROTEIN.DEGRADATION.UBIQUITIN.E3.SCF.CULLIN		36	0.3028181	0.71915114	0.9344538	1.0	1.0	9294	tags=28%, list=19%, signal=34%	
27.3.52 RNA.REGULATION OF TRANSCRIPTION.GLOBAL TRANSCRIPTION FACTOR GROUP	27.3.52 RNA.REGULATION OF TRANSCRIPTION.GLOBAL TRANSCRIPTION FACTOR GROUP		22	0.3342289	0.71718234	0.91021127	1.0	1.0	13767	tags=41%, list=28%, signal=57%	
27.3.30 RNA.REGULATION OF TRANSCRIPTION.TRIPLE-HELIX TRANSCRIPTION FACTOR FAMILY (TRIHELIX)	27.3.30 RNA.REGULATION OF TRANSCRIPTION.TRIPLE-HELIX TRANSCRIPTION FACTOR FAMILY (TRIHELIX)		32	0.30624184	0.71705186	0.9131175	1.0	1.0	11266	tags=44%, list=23%, signal=57%	
13.1.4 AMINO ACID METABOLISM.SYNTHESIS.BRANCHED CHAIN GROUP	13.1.4 AMINO ACID METABOLISM.SYNTHESIS.BRANCHED CHAIN GROUP		24	0.31955105	0.7152722	0.9211009	1.0	1.0	51	tags=4%, list=0%, signal=4%	
7 OPP	7 OPP		27	0.3188758	0.70943403	0.91009176	1.0	1.0	9458	tags=41%, list=19%, signal=50%	
31.5 CELL.CELL DEATH	31.5 CELL.CELL DEATH		55	0.2757412	0.70057124	0.9781879	1.0	1.0	9228	tags=16%, list=19%, signal=20%	
27.3.55 RNA.REGULATION OF TRANSCRIPTION.HDA	27.3.55 RNA.REGULATION OF TRANSCRIPTION.HDA		16	0.34502646	0.6963645	0.87700534	1.0	1.0	507	tags=6%, list=1%, signal=6%	
6 GLUCONEOGENESIS / GLYOXYLATE CYCLE	6 GLUCONEOGENESIS / GLYOXYLATE CYCLE		17	0.33552822	0.69312024	0.90689015	1.0	1.0	4226	tags=24%, list=9%, signal=26%	
22 POLYAMINE METABOLISM	22 POLYAMINE METABOLISM		19	0.32415333	0.6804593	0.9361702	1.0	1.0	11503	tags=42%, list=23%, signal=55%	
27.3.71 RNA.REGULATION OF TRANSCRIPTION.SNF7	27.3.71 RNA.REGULATION OF TRANSCRIPTION.SNF7		22	0.31302214	0.6749406	0.9288194	1.0	1.0	9492	tags=45%, list=19%, signal=56%	
29.2.3 PROTEIN.SYNTHESIS.INITIATION	29.2.3 PROTEIN.SYNTHESIS.INITIATION		107	0.23309167	0.6567325	1.0	1.0	1.0	12641	tags=35%, list=26%, signal=46%	
7.1 OPP.OXIDATIVE PP	7.1 OPP.OXIDATIVE PP		15	0.33517328	0.6550269	0.92734224	1.0	1.0	11254	tags=47%, list=23%, signal=60%	
3.4 MINOR CHO METABOLISM.MYO-INOSITOL	3.4 MINOR CHO METABOLISM.MYO-INOSITOL		19	0.30985162	0.6527955	0.9404332	1.0	1.0	6065	tags=16%, list=12%, signal=18%	
29.2.1.1.2 PROTEIN.SYNTHESIS.RIBOSOMAL PROTEIN.PROKARYOTIC.MITOCHONDRION	29.2.1.1.2 PROTEIN.SYNTHESIS.RIBOSOMAL PROTEIN.PROKARYOTIC.MITOCHONDRION		26	0.29071328	0.6471229	0.9531773	1.0	1.0	8526	tags=15%, list=17%, signal=19%	
35.1.9 NOT ASSIGNED.NO ONTOLOGY.BTB/POZ DOMAIN-CONTAINING PROTEIN	35.1.9 NOT ASSIGNED.NO ONTOLOGY.BTB/POZ DOMAIN-CONTAINING PROTEIN		15	0.32029852	0.63286924	0.95201534	1.0	1.0	8158	tags=27%, list=17%, signal=32%	
29.2.5 PROTEIN.SYNTHESIS.RELEASE	29.2.5 PROTEIN.SYNTHESIS.RELEASE		17	0.2995035	0.6118795	0.97316635	1.0	1.0	773	tags=6%, list=2%, signal=6%	
27.3.59 RNA.REGULATION OF TRANSCRIPTION.METHYL BINDING DOMAIN PROTEINS	27.3.59 RNA.REGULATION OF TRANSCRIPTION.METHYL BINDING DOMAIN PROTEINS		26	0.2626352	0.5900953	0.9931153	1.0	1.0	9443	tags=15%, list=19%, signal=19%	
30.2.2 SIGNALLING.RECEPTOR KINASES.LEUCINE RICH REPEAT II	30.2.2 SIGNALLING.RECEPTOR KINASES.LEUCINE RICH REPEAT II		18	0.28114912	0.5857228	0.9890311	0.99988264	1.0	3636	tags=17%, list=7%, signal=18%	
22.1 POLYAMINE METABOLISM.SYNTHESIS	22.1 POLYAMINE METABOLISM.SYNTHESIS		18	0.256679	0.5396162	0.99626863	0.99890155	1.0	11503	tags=39%, list=23%, signal=51%	
