NAME	SIZE	leaf_PS216	leaf_PS218	root_PS216_26h	root_PS216_2h	root_PS218_26h	root_PS218_2h	root_216_YFP_218_MKATE	root_216_YFP	root_218_MKATE	root_218_YFP_218_MKATE	root_218_YFP	root_rest
1 PS	426	-2.0669782	-2.424153	-1.8545668	-	-1.5928254	-	-1.5906972	-	-1.5880508	-1.4326417	-	-1.4789469
1.1 PS.LIGHTREACTION	330	-2.0081406	-2.3514738	-1.8607571	-	-1.4741001	-	-1.5942123	-	-1.6028111	-1.4332811	-1.4198399	-1.4853917
1.1.1 PS.LIGHTREACTION.PHOTOSYSTEM II	141	-2.267143	-2.4982498	-1.9890969	-	-1.7886019	-	-1.7322979	-	-1.7534287	-1.6205099	-1.4948328	-1.6383324
1.1.1.1 PS.LIGHTREACTION.PHOTOSYSTEM II.LHC-II	32	-2.0176382	-2.2104623	-1.8131003	-	-1.6469629	-	-1.5734367	-	-1.6177858	-1.478065	-1.4626778	-1.5442499
1.1.1.2 PS.LIGHTREACTION.PHOTOSYSTEM II.PSII POLYPEPTIDE SUBUNITS	108	-1.955842	-2.2271924	-1.8156042	-	-	-	-1.4919379	-	-1.5750662	-1.5311174	-	-1.5187639
1.1.2 PS.LIGHTREACTION.PHOTOSYSTEM I	45	-1.9035158	-2.1050835	-1.7520021	-	-	-	-1.5117155	-	-1.5496031	-	-	-1.435498
1.1.2.2 PS.LIGHTREACTION.PHOTOSYSTEM I.PSI POLYPEPTIDE SUBUNITS	32	-1.7710613	-1.9304799	-1.6305995	-	-	-	-	-	-1.4834305	-	-	-
1.1.3 PS.LIGHTREACTION.CYTOCHROME B6/F	22	-	-	-	-1.394603	-	-	-	-	-	-	-	-
1.1.4 PS.LIGHTREACTION.ATP SYNTHASE	30	-	-	-	-	-	-	-	-	-	-	-	-
1.1.40 PS.LIGHTREACTION.CYCLIC ELECTRON FLOW-CHLORORESPIRATION	28	-	-	-	-	-	-	-	-	-	-	-	-
1.1.5 PS.LIGHTREACTION.OTHER ELECTRON CARRIER (OX/RED)	21	-	-	-	-	-	-	-	-	-	-	-	-
1.1.6 PS.LIGHTREACTION.NADH DH	42	-	-1.4916699	-	-	-	-	-	-	-	-	-	-
1.2 PS.PHOTORESPIRATION	39	-1.6831641	-1.7541298	-	-	-1.440369	-	-	-	-	-	-	-
1.3 PS.CALVIN CYCLE	56	-1.6511039	-1.9752222	-1.5982107	-	-	-	-	-	-	-	-	-
10.1 CELL WALL.PRECURSOR SYNTHESIS	65	-	-	-	-	-	-	-	-	-	-	-	-
10.2 CELL WALL.CELLULOSE SYNTHESIS	69	-	-	-	-	-	-	-	-	-	-	-	-
10.2.1 CELL WALL.CELLULOSE SYNTHESIS.CELLULOSE SYNTHASE	49	-	-	-	-	-	-	-	-	-	-	-	-
10.2.2 CELL WALL.CELLULOSE SYNTHESIS.COBRA	19	-	-	-1.4669274	-	-1.5626966	-	-	-	-	-1.467647	-	-
10.5 CELL WALL.CELL WALL PROTEINS	81	-	-	-1.4846101	-1.4065344	-1.7508978	-	-	-	-1.5148576	-1.6330069	-	-1.4940916
10.5.1 CELL WALL.CELL WALL PROTEINS.AGPS	37	-	-1.6426218	-1.497486	-	-1.7094263	-	-	-	-	-1.5696063	-	-
10.5.1.1 CELL WALL.CELL WALL PROTEINS.AGPS.AGP	30	-1.9285077	-2.0604067	-1.744245	-	-1.8498013	-	-1.5666709	-1.5682927	-1.7025774	-1.7808917	-1.5797539	-1.7409303
10.5.3 CELL WALL.CELL WALL PROTEINS.LRR	19	-	-	-	-1.4988074	-1.4695054	-1.4810991	-	-	-	-	-	-
10.6 CELL WALL.DEGRADATION	243	-	-	-1.4834167	-1.4467777	-1.5670093	-1.4242766	-1.4621013	-1.4850838	-1.6217228	-1.6191148	-1.4669223	-1.6613708
10.6.1 CELL WALL.DEGRADATION.CELLULASES AND BETA-1,4-GLUCANASES	39	-	-	-1.6596582	-	-1.5938884	-	-1.4721199	-1.6143998	-1.5979897	-1.607511	-1.4278208	-1.6121248
10.6.2 CELL WALL.DEGRADATION.MANNAN-XYLOSE-ARABINOSE-FUCOSE	74	-	-	-	-1.4184917	-	-	-	-	-	-	-	-
10.6.3 CELL WALL.DEGRADATION.PECTATE LYASES AND POLYGALACTURONASES	121	-	-	-1.4591237	-1.5335286	-1.4926498	-1.5701416	-1.5641327	-1.4909301	-1.6861851	-1.6237077	-1.6178648	-1.7322052
10.7 CELL WALL.MODIFICATION	62	-	-	-1.5904529	-	-1.6049864	-	-1.6614577	-1.7952774	-1.6425134	-1.6161472	-1.5921837	-1.7268711
10.8 CELL WALL.PECTINESTERASES	109	-	-	-1.7926176	-1.3956158	-1.4804157	-	-1.8382988	-1.7690593	-1.860301	-1.7470338	-1.6540265	-1.8620018
10.8.1 CELL WALL.PECTINESTERASES.PME	87	-1.6752157	-	-1.7724426	-1.4231758	-1.7269466	-	-1.8327973	-1.7917589	-1.8996822	-1.8391227	-1.6894819	-1.820397
10.8.2 CELL WALL.PECTINESTERASES.ACETYL ESTERASE	21	-	-	-	-	-	-	-	-	-	-	-	-1.4282147
11.1 LIPID METABOLISM.FA SYNTHESIS AND FA ELONGATION	160	-	-	-	-	-	-	-	-	-	-	-	-
11.1.1 LIPID METABOLISM.FA SYNTHESIS AND FA ELONGATION.ACETYL COA CARBOXYLATION	15	-1.4919982	-	-	-	-	-	-	-	-	-	-	-
11.1.15 LIPID METABOLISM.FA SYNTHESIS AND FA ELONGATION.ACP DESATURASE	17	-	-	-	-	-	-	1.6821706	-	-	-	-	-
11.1.8 LIPID METABOLISM.FA SYNTHESIS AND FA ELONGATION.ACYL COA LIGASE	34	-	-	-	-	-	-	-	-	-	-	-	-
11.2 LIPID METABOLISM.FA DESATURATION	35	-	-	-	-	-	-	-	-	-	-	-	-
11.2.4 LIPID METABOLISM.FA DESATURATION.OMEGA 6 DESATURASE	28	1.6501194	1.4962988	-	-	-	-	-	-	-	-	-	-
11.3 LIPID METABOLISM.PHOSPHOLIPID SYNTHESIS	65	-	-	-	-	-	-	-	-	-	-	-	-
11.6 LIPID METABOLISM.LIPID TRANSFER PROTEINS ETC	65	-	-	-	-	-	-	-	-	-1.4700687	-	-	-1.4464097
11.8 LIPID METABOLISM.EXOTICS (STEROIDS, SQUALENE ETC)	95	-	-	-	-	-	-	-	-	-	-	-	-
11.8.1 LIPID METABOLISM.EXOTICS (STEROIDS, SQUALENE ETC).SPHINGOLIPIDS	43	1.6533949	1.640449	-	-	-	-	-	-	-	-	-	-
11.9 LIPID METABOLISM.LIPID DEGRADATION	220	-	-	-	-	-	-	-	-	-	-	-	-
11.9.2 LIPID METABOLISM.LIPID DEGRADATION.LIPASES	72	-	-	-	-1.4862239	-	-1.4318428	-	-	-	-	-	-
11.9.2.1 LIPID METABOLISM.LIPID DEGRADATION.LIPASES.TRIACYLGLYCEROL LIPASE	68	-	-	-	-1.515729	-	-1.4669678	-	-	-	-	-	-
11.9.3 LIPID METABOLISM.LIPID DEGRADATION.LYSOPHOSPHOLIPASES	68	-	-	-	-	-	-	-	-	-	-	-	-
11.9.3.1 LIPID METABOLISM.LIPID DEGRADATION.LYSOPHOSPHOLIPASES.PHOSPHOLIPASE D	25	-	-	-	-	-	-	-	-	-	-	-	-
11.9.4 LIPID METABOLISM.LIPID DEGRADATION.BETA-OXIDATION	70	-	-	-	-	-	-	-	-	-	-	-	-
11.9.4.13 LIPID METABOLISM.LIPID DEGRADATION.BETA-OXIDATION.ACYL COA REDUCTASE	28	-	-	-	-	-	-1.4496661	-	-	-	-	-	-
12 N-METABOLISM	48	-	-	-	-	-	-	-	-	-	-	-	-
12.2 N-METABOLISM.AMMONIA METABOLISM	26	-	-	-	-	-	-	-	-	-	-	-	-
12.2.2 N-METABOLISM.AMMONIA METABOLISM.GLUTAMINE SYNTHETASE	21	-	-	-	-	-	-	-	-	-	-	-	-
13 AMINO ACID METABOLISM	372	-	-	-	-	-	-	-	-	-	-	-	-
13.1 AMINO ACID METABOLISM.SYNTHESIS	232	-	-	-	-	-	-	-	-	-	-	-	-
13.1.1 AMINO ACID METABOLISM.SYNTHESIS.CENTRAL AMINO ACID METABOLISM	24	1.4962044	1.5543329	-	-	-	-	-	-	-	-	-	-
13.1.3 AMINO ACID METABOLISM.SYNTHESIS.ASPARTATE FAMILY	44	-	-	-1.5625287	-	-1.6117461	-	-	-	-	-	-	-
13.1.3.4 AMINO ACID METABOLISM.SYNTHESIS.ASPARTATE FAMILY.METHIONINE	18	-	-	-	-	-	-	-	-	-	-	-	-
13.1.4 AMINO ACID METABOLISM.SYNTHESIS.BRANCHED CHAIN GROUP	24	-	-	-	-	-	-	-	-	-	-	-	-
13.1.4.1 AMINO ACID METABOLISM.SYNTHESIS.BRANCHED CHAIN GROUP.COMMON	16	-	-	-	-	-	-	-	-	-	-	-	-
13.1.5 AMINO ACID METABOLISM.SYNTHESIS.SERINE-GLYCINE-CYSTEINE GROUP	39	-	-	-	-	-	-	-	-	-	-	-	-
13.1.5.3 AMINO ACID METABOLISM.SYNTHESIS.SERINE-GLYCINE-CYSTEINE GROUP.CYSTEINE	32	-	-	-	-	-	-	-	-	-	-	-	-
13.1.5.3.1 AMINO ACID METABOLISM.SYNTHESIS.SERINE-GLYCINE-CYSTEINE GROUP.CYSTEINE.OASTL	20	-	-	-	-	-	-	-	-	-	-	-	-
13.1.6 AMINO ACID METABOLISM.SYNTHESIS.AROMATIC AA	81	-	-	-	-	-	-	-	-	-	-	-	-
13.1.6.1 AMINO ACID METABOLISM.SYNTHESIS.AROMATIC AA.CHORISMATE	18	-	-	-	-	-	-	-	-	-	-	-	-
13.1.6.5 AMINO ACID METABOLISM.SYNTHESIS.AROMATIC AA.TRYPTOPHAN	42	-	-	-1.5571	-	-1.5688891	-	-1.4985352	-	-1.5434921	-1.501212	-	-1.5195853
13.1.6.5.3 AMINO ACID METABOLISM.SYNTHESIS.AROMATIC AA.TRYPTOPHAN.PHOSPHORIBOSYANTHRANILATE ISOMERASE	23	-	-	-	-	-1.5902977	-	-	-	-1.4501324	-	-	-1.4141933
13.2 AMINO ACID METABOLISM.DEGRADATION	124	1.5541675	1.538583	1.5682576	-	1.5773412	-	1.7290828	1.6543918	1.6396887	1.7142066	1.6292647	1.8182336
13.2.3 AMINO ACID METABOLISM.DEGRADATION.ASPARTATE FAMILY	24	-	-	-	-	-	-	-	-	-	-	-	-
13.2.4 AMINO ACID METABOLISM.DEGRADATION.BRANCHED CHAIN GROUP	16	1.469099	-	-	-	-	-	-	-	1.6276683	1.6854854	1.6992112	1.7415892
13.2.6 AMINO ACID METABOLISM.DEGRADATION.AROMATIC AA	29	-	-	-	-	-	-	-	-	-	-	-	-
13.2.6.3 AMINO ACID METABOLISM.DEGRADATION.AROMATIC AA.TRYPTOPHAN	25	-	-	-	-	-	-	-	-	-	-	-	-
13.2.7 AMINO ACID METABOLISM.DEGRADATION.HISTIDINE	33	1.5961851	1.7110988	1.9180387	-	1.7494056	-	1.8300847	1.9626411	1.6840442	-	1.6565945	1.7416939
15 METAL HANDLING	145	-	-	-	-	-	-	-	-	-	-	-	-
15.2 METAL HANDLING.BINDING, CHELATION AND STORAGE	117	-	-	-	-	-	-	-	-	-	-	-	-
16.1 SECONDARY METABOLISM.ISOPRENOIDS	268	-	-	-	-	-	-	-	-	-	-	-	-
16.1.1 SECONDARY METABOLISM.ISOPRENOIDS.NON-MEVALONATE PATHWAY	23	-	-	-	-	-	-	-	-	-	-	-	-
16.1.2 SECONDARY METABOLISM.ISOPRENOIDS.MEVALONATE PATHWAY	47	-	-	-	-	-	-	-	-	-	-	-	-
16.1.4 SECONDARY METABOLISM.ISOPRENOIDS.CAROTENOIDS	33	-	-	-	-	-	-	-	-	-	-	-	-
16.1.5 SECONDARY METABOLISM.ISOPRENOIDS.TERPENOIDS	155	-	-	-	-1.6151952	-	-1.5457009	-	-	-	-	-	-
16.10 SECONDARY METABOLISM.SIMPLE PHENOLS	38	-	-	-1.7897224	-1.5453982	-1.8057258	-1.4613584	-1.5684742	-1.6236558	-1.6930139	-1.5535316	-1.5141174	-1.6426026
16.2 SECONDARY METABOLISM.PHENYLPROPANOIDS	190	-	-	-	-	-	-	-	-	-	-	-	-
16.2.1 SECONDARY METABOLISM.PHENYLPROPANOIDS.LIGNIN BIOSYNTHESIS	66	1.8064252	1.7174318	-	-	-	-	-	-	-	-	-	-
16.2.1.10 SECONDARY METABOLISM.PHENYLPROPANOIDS.LIGNIN BIOSYNTHESIS.CAD	33	1.6772869	1.7647492	-	-	-	-	-	-	-	-	-	-
16.4 SECONDARY METABOLISM.N MISC	42	-	-	-	-	-	-	-	-	-	-	-	-
16.4.1 SECONDARY METABOLISM.N MISC.ALKALOID-LIKE	38	-	-	-	-	-	-	-	-	-	-	-	-
16.5 SECONDARY METABOLISM.SULFUR-CONTAINING	104	-	-	-	-	-	-	-	-	-	-	-	-
16.5.1 SECONDARY METABOLISM.SULFUR-CONTAINING.GLUCOSINOLATES	79	-	-	-	-	-	-	-	-	-	-	-	-
16.5.1.1 SECONDARY METABOLISM.SULFUR-CONTAINING.GLUCOSINOLATES.SYNTHESIS	78	-	-	-	-	-	-	-	-	-	-	-	-
16.5.1.1.1 SECONDARY METABOLISM.SULFUR-CONTAINING.GLUCOSINOLATES.SYNTHESIS.ALIPHATIC	78	-	-	-	-	-	-	-	-	-	-	-	-
16.5.1.1.1.11 SECONDARY METABOLISM.SULFUR-CONTAINING.GLUCOSINOLATES.SYNTHESIS.ALIPHATIC.GLUCOSINOLATE 2-OXOGLUTARATE-DEPENDENT DIOXYGENASE (AOP)	49	1.5886726	1.5418171	-	-1.4436376	-	-1.4148151	-	-	-	-	-	-
16.5.99 SECONDARY METABOLISM.SULFUR-CONTAINING.MISC	24	-1.6584325	-1.6608762	-1.6636728	-1.584961	-	-1.4627808	-	-1.59596	-1.5013716	-1.6418642	-1.7422032	-1.6619362
16.5.99.1 SECONDARY METABOLISM.SULFUR-CONTAINING.MISC.ALLIINASE	24	-1.6458888	-1.7056065	-1.663192	-1.5764291	-	-1.4642786	-	-1.5779952	-1.4773325	-1.6379981	-1.7310315	-1.6730478
16.7 SECONDARY METABOLISM.WAX	29	-	-	-	-1.4922402	-	-1.5046959	-	-	-1.4931895	-1.4736836	-	-
16.8 SECONDARY METABOLISM.FLAVONOIDS	238	-	-	-	-	-	-	-	-	-	-	-	-
16.8.1 SECONDARY METABOLISM.FLAVONOIDS.ANTHOCYANINS	79	1.731749	1.8199985	-	-	1.8234856	-1.4372199	-	-	-	-	-	-
16.8.1.12 SECONDARY METABOLISM.FLAVONOIDS.ANTHOCYANINS.ANTHOCYANIDIN 3-O-GLUCOSYLTRANSFERASE	62	1.8211635	1.8981158	1.6246839	-	1.7925841	-	1.5322131	1.609382	1.5824332	1.629985	-	1.5917943
16.8.2 SECONDARY METABOLISM.FLAVONOIDS.CHALCONES	42	-	-	-1.4893179	-1.5612562	-1.5057539	-1.541688	-	-	-1.498289	-1.5237339	-1.4981623	-1.5075043
16.8.3 SECONDARY METABOLISM.FLAVONOIDS.DIHYDROFLAVONOLS	94	-	-	-	-	-	-	-	-	-	-	-	-
16.8.3.1 SECONDARY METABOLISM.FLAVONOIDS.DIHYDROFLAVONOLS.DIHYDROFLAVONOL 4-REDUCTASE	77	-	-	-	-	-	-	-	-	-	-	-	-
16.8.5 SECONDARY METABOLISM.FLAVONOIDS.ISOFLAVONOLS	19	-	-	-1.4830042	-	-1.5805452	-	-1.4777161	-	-1.5345461	-1.4747407	-1.4182473	-1.520675
16.8.5.1 SECONDARY METABOLISM.FLAVONOIDS.ISOFLAVONOLS.ISOFLAVONE REDUCTASE	19	-	-	-1.4620485	-	-1.5755371	-	-1.4816036	-	-1.5378006	-1.4764495	-	-1.5301641
17.1 HORMONE METABOLISM.ABSCISIC ACID	111	-	-	-	-	-	-	-	-	-	-	-	-
17.1.1 HORMONE METABOLISM.ABSCISIC ACID.SYNTHESIS-DEGRADATION	43	-	-	-	-	-	-	-	-	-	-	-	-
17.1.1.1 HORMONE METABOLISM.ABSCISIC ACID.SYNTHESIS-DEGRADATION.SYNTHESIS	36	-	-	-	-1.4336637	-	-1.4203643	-	-	-	-	-	-
17.1.1.1.10 HORMONE METABOLISM.ABSCISIC ACID.SYNTHESIS-DEGRADATION.SYNTHESIS.9-CIS-EPOXYCAROTENOID DIOXYGENASE	18	-	-	-	-	-	-	-	-	-	-	-	-
17.1.1.1.12 HORMONE METABOLISM.ABSCISIC ACID.SYNTHESIS-DEGRADATION.SYNTHESIS.ABSCISIC ALDEHYDE OXIDASE	17	-	-	-	-	-	-	-	-	-	-	-	-
17.1.2 HORMONE METABOLISM.ABSCISIC ACID.SIGNAL TRANSDUCTION	33	-	-	-	-	-	-	-	-	-	-	-	-
17.1.3 HORMONE METABOLISM.ABSCISIC ACID.INDUCED-REGULATED-RESPONSIVE-ACTIVATED	32	-	-	1.9479584	-	-	-	1.5148529	-	1.5803092	-	-	1.5373417
17.2 HORMONE METABOLISM.AUXIN	351	-	-	-	-	-	-	-	-	-	-	-	-
17.2.2 HORMONE METABOLISM.AUXIN.SIGNAL TRANSDUCTION	48	-1.5966072	-1.6901823	-	-	-1.4780854	-	-1.5791074	-1.4973872	-1.5388297	-1.4723836	-	-1.5063049
17.2.3 HORMONE METABOLISM.AUXIN.INDUCED-REGULATED-RESPONSIVE-ACTIVATED	287	-	-	-	-	-	-	-	-	-	-	-	-
17.3 HORMONE METABOLISM.BRASSINOSTEROID	56	-	-	-	-	-	-	-	-	-	-	-	-
17.3.1 HORMONE METABOLISM.BRASSINOSTEROID.SYNTHESIS-DEGRADATION	28	-	-1.5054075	-	-	-	-	-	-	-	-1.4188373	-	-
17.3.1.2 HORMONE METABOLISM.BRASSINOSTEROID.SYNTHESIS-DEGRADATION.STEROLS	20	-	-1.4913799	-	-	-1.4665316	-	-	-	-	-1.4897989	-	-1.4111433
17.3.2 HORMONE METABOLISM.BRASSINOSTEROID.SIGNAL TRANSDUCTION	20	-	-	-	-	-	-	-	-	-	-	-	-
17.4 HORMONE METABOLISM.CYTOKININ	93	-	-	-	-	-1.5513029	-	-	-	-	-	-	-
17.4.1 HORMONE METABOLISM.CYTOKININ.SYNTHESIS-DEGRADATION	85	-	-	-	-	-1.5649289	-	-	-	-	-	-	-
17.5 HORMONE METABOLISM.ETHYLENE	238	1.5173805	1.5111401	-	-	-	-	-	-	-	-	-	-
17.5.1 HORMONE METABOLISM.ETHYLENE.SYNTHESIS-DEGRADATION	126	-	1.5844355	-	-	-	-	-	-	-	-	-	-
17.5.1.1 HORMONE METABOLISM.ETHYLENE.SYNTHESIS-DEGRADATION.1-AMINOCYCLOPROPANE-1-CARBOXYLATE SYNTHASE	20	1.5920855	1.7706378	1.6113691	-	-	-	1.736536	1.5850025	1.6272167	1.6476896	-	1.7508473
17.5.2 HORMONE METABOLISM.ETHYLENE.SIGNAL TRANSDUCTION	100	1.5474228	-	-	-	-	-	-	-	-	-	-	-
17.6 HORMONE METABOLISM.GIBBERELIN	112	-	-	-	-	-	-	-1.5254343	-	-	-	-1.4759449	-1.4331859
17.6.1 HORMONE METABOLISM.GIBBERELIN.SYNTHESIS-DEGRADATION	85	-	-	-	-	-	-	-	-	-	-	-	-
17.6.1.11 HORMONE METABOLISM.GIBBERELIN.SYNTHESIS-DEGRADATION.GA20 OXIDASE	49	-	-	-1.8074173	-1.5638561	-	-1.5847863	-1.9231634	-1.760275	-1.9459927	-1.8223174	-1.8134594	-1.8225646
17.6.3 HORMONE METABOLISM.GIBBERELIN.INDUCED-REGULATED-RESPONSIVE-ACTIVATED	17	-	-	-	-	-	-	-1.4767617	-	-	-	-	-
17.7 HORMONE METABOLISM.JASMONATE	64	1.6468555	-	-	-	-	-	-	-	-	-	-	-
17.7.1 HORMONE METABOLISM.JASMONATE.SYNTHESIS-DEGRADATION	58	1.5069715	-	-	-	-	-	-	-	-	-	-	-
17.7.1.2 HORMONE METABOLISM.JASMONATE.SYNTHESIS-DEGRADATION.LIPOXYGENASE	32	-	-	-	-	-	-	-	-	-	-	-	-
17.8 HORMONE METABOLISM.SALICYLIC ACID	22	-	-	-	-	-	-	1.5454389	-	-	-	-	1.5458553
18 CO-FACTOR AND VITAMINE METABOLISM	99	-	-	-	-	-	-	-	-	-	-	-	-
18.2 CO-FACTOR AND VITAMINE METABOLISM.THIAMINE	17	-	-	-	-	-	-	-	-	-	-	-	-
18.4 CO-FACTOR AND VITAMINE METABOLISM.PANTOTHENATE	16	-	-	-	-	-	-	-	-	-	-	-	-
18.7 CO-FACTOR AND VITAMINE METABOLISM.IRON-SULPHUR CLUSTERS	16	-	-	-	-	-	-	-	-	-	-	-	-
19 TETRAPYRROLE SYNTHESIS	59	-1.6047276	-1.7683641	-	-	-	-	-	-	-	-	-	-
2 MAJOR CHO METABOLISM	138	-	-	-	-	-	-	-	-	-	-	-	-
2.1 MAJOR CHO METABOLISM.SYNTHESIS	47	-	-	-	-	-	-	-	-	-	-	-	-
2.1.2 MAJOR CHO METABOLISM.SYNTHESIS.STARCH	37	-	-	-	-	-	-	-	-	-	-	-	-
2.2 MAJOR CHO METABOLISM.DEGRADATION	91	-	-	-	-	-	-	-	-	-	-	-	-
2.2.1 MAJOR CHO METABOLISM.DEGRADATION.SUCROSE	53	-	-	-	-	-	-	-	-	-	-	-	-
2.2.1.3 MAJOR CHO METABOLISM.DEGRADATION.SUCROSE.INVERTASES	29	1.5700322	1.6381886	-	-	-	-	-	-	-	-	-	-
2.2.2 MAJOR CHO METABOLISM.DEGRADATION.STARCH	37	-	-	-	-	-	-	-	-	-	-	-	-
2.2.2.1 MAJOR CHO METABOLISM.DEGRADATION.STARCH.STARCH CLEAVAGE	18	-	-	-	-	-	-	-	-	-	-	-	-
20.1.2.2 STRESS.BIOTIC.RECEPTORS.TIR-NBS-LRR	140	-	-	-	-	-	-	-	-	-	-	-	-
20.1.3 STRESS.BIOTIC.SIGNALLING	57	1.5589716	1.461921	-	-	-	-	-	-	-	-	-	-
20.1.3.1 STRESS.BIOTIC.SIGNALLING.MLO-LIKE	21	1.6741567	1.4611462	-	-	-	-	-	-	-	-	-	-
20.1.7 STRESS.BIOTIC.PR-PROTEINS	208	2.1730688	2.1169002	-	-	-	-	-	-	-	-	-	-
20.1.7.1 STRESS.BIOTIC.PR-PROTEINS.PR1 (ANTIFUNGAL)	33	1.7574389	1.749037	-	-	-	-	-	-	-	-	-	-
20.1.7.3 STRESS.BIOTIC.PR-PROTEINS.PR3/4/8/11 (CHITINASES AND CHITIN BINDING PROTEINS)	44	1.9223948	1.9745958	-	-	-	-	-	-	-	-	-	-
20.1.7.5 STRESS.BIOTIC.PR-PROTEINS.PR5 (THAUMATIN-LIKE PROTEINS)	40	1.653896	1.5319211	-	-	-	-	-	-	-	-	-	-
20.1.7.6 STRESS.BIOTIC.PR-PROTEINS.PR6 (PROTEINASE INHIBITORS)	55	1.7619295	1.7160857	1.6980476	-	1.587604	-	2.0098133	1.8071516	1.8466504	1.6794707	1.7880682	1.9141934
20.1.7.6.1 STRESS.BIOTIC.PR-PROTEINS.PR6 (PROTEINASE INHIBITORS).TRYPSIN INHIBITOR	25	1.7369745	1.6113585	1.8415745	-	1.6431155	1.8632116	1.9687711	1.7458342	1.7552636	1.6176559	1.9377316	2.0030615
20.2 STRESS.ABIOTIC	496	-	-	-	-	-	-	-	-	-	-	-	-
20.2.1 STRESS.ABIOTIC.HEAT	372	-	-	-	-	-	-	1.5665315	-	-	-	-	1.6434714
20.2.3 STRESS.ABIOTIC.DROUGHT/SALT	61	-	-	-	-	-	-	-	-	-	-	-	-
20.2.4 STRESS.ABIOTIC.TOUCH/WOUNDING	27	-	-	1.5834407	2.3202462	1.9013693	2.2325253	1.6732697	1.784734	1.8084445	1.8602042	-	1.8773373
21 REDOX	255	-	-	-	-	-	-	-	-	-	-	-	-
21.1 REDOX.THIOREDOXIN	79	-	-	-	-	-	-	-	-	-	-	-	-
21.2 REDOX.ASCORBATE AND GLUTATHIONE	74	-	-	-	-	-	-	-	-	-	-	-	-
21.2.1 REDOX.ASCORBATE AND GLUTATHIONE.ASCORBATE	25	-	-	-	-	-	-	-	-	-	-	-	-
21.2.2 REDOX.ASCORBATE AND GLUTATHIONE.GLUTATHIONE	15	-	-	-	-	-	-	-	-	-	-	-	-
21.4 REDOX.GLUTAREDOXINS	65	-	-	-	-	-	-	-	-	-	-	-	-
22 POLYAMINE METABOLISM	19	-	-	-	-	-	-	-	-	-	-	-	-
22.1 POLYAMINE METABOLISM.SYNTHESIS	18	-	-	-	-	-	-	-	-	-	-	-	-
23 NUCLEOTIDE METABOLISM	216	-	-	-	-	-	-	-	-	-	-	-	-
23.1 NUCLEOTIDE METABOLISM.SYNTHESIS	44	-	-1.5274813	-	-	-	-	-	-	-	-	-	-
23.1.2 NUCLEOTIDE METABOLISM.SYNTHESIS.PURINE	24	-	-1.5702347	-	-	-	-	-	-	-	-	-	-
23.2 NUCLEOTIDE METABOLISM.DEGRADATION	50	1.4628152	1.4845866	-	-	-	-	-	-	-	-	-	-
23.3 NUCLEOTIDE METABOLISM.SALVAGE	60	-	-	-	-	-	-	-	-	-	-	-	-
23.3.3 NUCLEOTIDE METABOLISM.SALVAGE.NUDIX HYDROLASES	36	-	-	-	-	-	-	-	-	-	-	-	-
23.4 NUCLEOTIDE METABOLISM.PHOSPHOTRANSFER AND PYROPHOSPHATASES	43	-	-	-	-	-	-	-	-	-	-	-	-
23.5 NUCLEOTIDE METABOLISM.DEOXYNUCLEOTIDE METABOLISM	17	-	-	-	-	-	-	-	-	-	-	-	-
24 BIODEGRADATION OF XENOBIOTICS	35	-	-	-	-	-	-	-	-	-	-	-	-
24.2 BIODEGRADATION OF XENOBIOTICS.LACTOYLGLUTATHIONE LYASE	19	-	-	-	-	-	-	-	-	-	-	-	-
25 C1-METABOLISM	29	-	-	-	-	-1.5485336	-	-	-	-	-	-	-
26.1 MISC.MISC2	15	-	-	-	-	-	-	-	-	-	-	-	-
26.11 MISC.ALCOHOL DEHYDROGENASES	44	1.5044695	1.5815718	-	-	-	-	-	-	-	-	-	-
26.11.1 MISC.ALCOHOL DEHYDROGENASES.CINNAMYL ALCOHOL DEHYDROGENASE	44	1.5065794	1.5719585	-	-	-	-	-	-	-	-	-	-
26.12 MISC.PEROXIDASES	139	1.702821	1.6489815	-	-	-1.5336515	-	-1.5638825	-1.4633635	-1.546024	-1.573689	-1.6039696	-1.6904148
26.13 MISC.ACID AND OTHER PHOSPHATASES	113	-	-	-	-	-	-	-	-	-	-	-	-
26.16 MISC.MYROSINASES-LECTIN-JACALIN	33	1.4615598	-	-	-	-	-	1.5493238	-	-	-	-	1.6305264
26.17 MISC.DYNAMIN	29	-	-	-	-	-	-	-	-	-	-	-	-
26.18 MISC.INVERTASE/PECTIN METHYLESTERASE INHIBITOR FAMILY PROTEIN	49	-	-	-	-	-	-	-	-	-	-1.6592699	-1.6201571	-1.4965953
26.19 MISC.PLASTOCYANIN-LIKE	44	1.7194538	1.5484474	-	-	-	-	-	-	-	-	-	-
26.2 MISC.UDP GLUCOSYL AND GLUCORONYL TRANSFERASES	431	-	-	-	-1.4199686	-	-	-	-	-	-	-	-
26.21 MISC.PROTEASE INHIBITOR/SEED STORAGE/LIPID TRANSFER PROTEIN (LTP) FAMILY PROTEIN	117	-	-	-1.7734946	-	-1.9341868	-	-1.7523396	-1.6693307	-1.9527514	-1.674332	-1.559068	-1.7392395
26.22 MISC.SHORT CHAIN DEHYDROGENASE/REDUCTASE (SDR)	115	-	-	-	-	-	-	-	-	-	-	-	-
26.24 MISC.GCN5-RELATED N-ACETYLTRANSFERASE	58	1.5093347	1.467089	-	-	-	-	1.5859308	1.7675774	1.5891794	-	-	1.5709435
26.25 MISC.SULFOTRANSFERASE	49	-1.9536601	-1.9459984	-	-1.7087513	-1.5534538	-1.7425586	-1.9057463	-1.7886443	-1.784147	-1.8236505	-1.6192083	-1.834765
26.27 MISC.CALCINEURIN-LIKE PHOSPHOESTERASE FAMILY PROTEIN	18	-	-	-	-	-	-	-	-	-	-	-	-
26.28 MISC.GDSL-MOTIF LIPASE	134	-	-	-	-1.4271591	-	-1.5140505	-	-	-	-	-1.4239258	-1.4645828
26.3 MISC.GLUCO-, GALACTO- AND MANNOSIDASES	264	-	-	-	-	-	-	-	-	-	-	-	-
26.3.2 MISC.GLUCO-, GALACTO- AND MANNOSIDASES.BETA-GALACTOSIDASE	22	-	-	-	-	-	-	-	-	-	-	-	-
26.3.5 MISC.GLUCO-, GALACTO- AND MANNOSIDASES.GLYCOSYL HYDROLASE FAMILY 5	194	-	-	-	-	-	-	-	-	-	-	-	-
26.4 MISC.BETA 1,3 GLUCAN HYDROLASES	97	-	-	-	-	-1.5769652	-	-	-	-	-	-	-1.4239584
26.4.1 MISC.BETA 1,3 GLUCAN HYDROLASES.GLUCAN ENDO-1,3-BETA-GLUCOSIDASE	79	1.4713008	-	-	-	-	-	-	-	-	-	-	-
26.6 MISC.O-METHYL TRANSFERASES	82	-	-	-1.4806938	-1.4221214	-	-1.5559821	-1.565187	-1.605074	-1.6976913	-1.5781404	-1.4217539	-1.5908303
26.7 MISC.OXIDASES - COPPER, FLAVONE ETC	168	-	-	-	-	-	-	-	-	-	-	-	-
26.8 MISC.NITRILASES, NITRILE LYASES, BERBERINE BRIDGE ENZYMES, RETICULINE OXIDASES, TROPONINE REDUCTASES	136	-	-	-	-	-	-	-	-	-	-	-	-
26.9 MISC.GLUTATHIONE S TRANSFERASES	90	2.2601728	2.31467	-	-	1.6366749	-	1.6767498	1.6308415	1.875297	1.9125497	-	1.8295738
27.1 RNA.PROCESSING	425	-	-	-	-	-	-	-	-	-	-	-	-
27.1.1 RNA.PROCESSING.SPLICING	88	-	-	-	-	-	-	-	-	-	-	-	-
27.1.19 RNA.PROCESSING.RIBONUCLEASES	95	-	-	-	-	-	-	-	-	-	-	-	-
27.1.2 RNA.PROCESSING.RNA HELICASE	57	-	-	-	-	-	-	-	-	-	-	-	-
27.1.3 RNA.PROCESSING.3' END PROCESSING	41	-	-	-	-	-	-	-	-	-	-	-	-
27.2 RNA.TRANSCRIPTION	132	-	-	-	-	-	-	-	-	-	-	-	-
27.3.11 RNA.REGULATION OF TRANSCRIPTION.C2H2 ZINC FINGER FAMILY	226	-	-	-	-	-	-	-	-	-	-	-	1.5439805
27.3.12 RNA.REGULATION OF TRANSCRIPTION.C3H ZINC FINGER FAMILY	41	-	-	-	-	-	-	-	-	-	-	-	-
27.3.14 RNA.REGULATION OF TRANSCRIPTION.CCAAT BOX BINDING FACTOR FAMILY, HAP2	15	-	-	-	-	-	-	-	-	-	-	-	-
27.3.15 RNA.REGULATION OF TRANSCRIPTION.CCAAT BOX BINDING FACTOR FAMILY, HAP3	24	-	-	-	-	-	-	-	-	-	-	-	-
27.3.16 RNA.REGULATION OF TRANSCRIPTION.CCAAT BOX BINDING FACTOR FAMILY, HAP5	17	-	-	-	-	-	-	-	-	-	-	-	-
27.3.21 RNA.REGULATION OF TRANSCRIPTION.GRAS TRANSCRIPTION FACTOR FAMILY	40	-	-	-	-	-	-	-	-	-	-	-	-
27.3.22 RNA.REGULATION OF TRANSCRIPTION.HOMEOBOX TRANSCRIPTION FACTOR FAMILY (HB)	124	-	-	-	-	-	-	-	-	-	-	-	-
27.3.23 RNA.REGULATION OF TRANSCRIPTION.HEAT-SHOCK TRANSCRIPTION FACTOR FAMILY (HSF)	33	-	-	1.5879409	-	1.6318665	-	1.7482858	1.702852	1.7449573	-	1.7050846	1.852159
27.3.24 RNA.REGULATION OF TRANSCRIPTION.MADS BOX TRANSCRIPTION FACTOR FAMILY	177	1.4564934	-	-	-	-	-	-	-	1.7683812	-	-	-
27.3.25 RNA.REGULATION OF TRANSCRIPTION.MYB DOMAIN TRANSCRIPTION FACTOR FAMILY	235	-	-	-	-	-	-	-	-	-	-	-	-
27.3.26 RNA.REGULATION OF TRANSCRIPTION.MYB-RELATED TRANSCRIPTION FACTOR FAMILY	30	-1.5538518	-1.5134084	-	-	-	-	-	-	-	-	-	-
27.3.27 RNA.REGULATION OF TRANSCRIPTION.NAC DOMAIN TRANSCRIPTION FACTOR FAMILY	86	-	1.5821904	-	-	-	-	-	-	-	-	-	-
27.3.29 RNA.REGULATION OF TRANSCRIPTION.TCP TRANSCRIPTION FACTOR FAMILY	32	-	-1.6027386	-	-	-	-	-	-	-	-	-	-
27.3.3 RNA.REGULATION OF TRANSCRIPTION.AP2/EREBP, APETALA2/ETHYLENE-RESPONSIVE ELEMENT BINDING PROTEIN FAMILY	188	-	-	-	-	-	-	-	-	-	-	-	-
27.3.30 RNA.REGULATION OF TRANSCRIPTION.TRIPLE-HELIX TRANSCRIPTION FACTOR FAMILY (TRIHELIX)	32	-	-	-	-	-	-	-	-	-	-	-	-
27.3.32 RNA.REGULATION OF TRANSCRIPTION.WRKY DOMAIN TRANSCRIPTION FACTOR FAMILY	97	1.9782147	1.8789824	1.7207645	-	1.9315935	-	2.1741886	2.07934	2.235831	2.2056606	2.0380073	2.2835171
27.3.35 RNA.REGULATION OF TRANSCRIPTION.BZIP TRANSCRIPTION FACTOR FAMILY	142	-	-	-	-	-	-	-	-	-	-	-	-
27.3.36 RNA.REGULATION OF TRANSCRIPTION.ARGONAUTE TRANSCRIPTION FACTOR FAMILY	18	-	-	-	1.9553018	-	-	-	-	-	-	-	-
27.3.37 RNA.REGULATION OF TRANSCRIPTION.LATERAL ORGAN BOUNDARIES GENE FAMILY (AS2)	50	-	-	-	-	-	-	-	-	-	-	-	-
27.3.4 RNA.REGULATION OF TRANSCRIPTION.AUXIN RESPONSE TRANSCRIPTION FACTOR FAMILY (ARF)	32	-	-	-	-	-	-	-	-	-	-	-	-
27.3.40 RNA.REGULATION OF TRANSCRIPTION.AUX/IAA FAMILY	26	-	-1.5394508	-	-	-	-	-	-	-	-	-	-
27.3.41 RNA.REGULATION OF TRANSCRIPTION.B3 TRANSCRIPTION FACTOR FAMILY	40	-1.785086	-1.5580553	-	-	-	-	-	-	-	-	-	-
27.3.44 RNA.REGULATION OF TRANSCRIPTION.CHROMATIN REMODELING FACTORS	63	-	-	-	-	-	-	-	-	-	-	-	-
27.3.49 RNA.REGULATION OF TRANSCRIPTION.GEBP LIKE	15	-	-	-	-	-	-	-	-	-	-	-	-
27.3.5 RNA.REGULATION OF TRANSCRIPTION.ARR	38	-	-	-	-	-	-	-	-	-	-	-	-
27.3.50 RNA.REGULATION OF TRANSCRIPTION.GENERAL TRANSCRIPTION	45	-	-1.520847	-	-	-	-	-1.4727471	-	-1.4309753	-1.5645359	-	-1.4931666
27.3.52 RNA.REGULATION OF TRANSCRIPTION.GLOBAL TRANSCRIPTION FACTOR GROUP	22	-	-	-	-	-	-	-	-	-	-	-	-
27.3.54 RNA.REGULATION OF TRANSCRIPTION.HISTONE ACETYLTRANSFERASES	18	-	-	-	-	-	-	-	-	-	-	-	-
27.3.55 RNA.REGULATION OF TRANSCRIPTION.HDA	16	-	-	-	-	-	-	-	-	-	-	-	-
27.3.57 RNA.REGULATION OF TRANSCRIPTION.JUMONJI FAMILY	32	-	-	-	-	-	-	-	-	-	-	-	-
27.3.59 RNA.REGULATION OF TRANSCRIPTION.METHYL BINDING DOMAIN PROTEINS	26	-	-	-	-	-	-	-	-	-	-	-	-
27.3.6 RNA.REGULATION OF TRANSCRIPTION.BASIC HELIX-LOOP-HELIX FAMILY (BHLH)	190	-	-	-	-	-	-	-	-	-	-	-	-
27.3.60 RNA.REGULATION OF TRANSCRIPTION.NIN-LIKE BZIP-RELATED FAMILY	29	-	-	-	-1.5016756	-	-	-	-	-	-	-	-
27.3.62 RNA.REGULATION OF TRANSCRIPTION.NUCLEOSOME/CHROMATIN ASSEMBLY FACTOR GROUP	16	-	-	-	-	-	-	-	-	-	-	-	-
27.3.63 RNA.REGULATION OF TRANSCRIPTION.PHD FINGER TRANSCRIPTION FACTOR	49	-	-	-	-	-	-	-	-	-	-	-	-
27.3.64 RNA.REGULATION OF TRANSCRIPTION.PHOR1	21	1.733089	1.8529654	-	-	-	-	1.9090368	1.738386	1.7677983	1.7907764	-	1.8674128
27.3.66 RNA.REGULATION OF TRANSCRIPTION.PSEUDO ARR TRANSCRIPTION FACTOR FAMILY	23	-	-	-1.7060591	-	-1.6241134	-	-	-	-	-	-	-
27.3.67 RNA.REGULATION OF TRANSCRIPTION.PUTATIVE TRANSCRIPTION REGULATOR	217	-	-	-	-	-	-	-	-	-	-	-	-
27.3.69 RNA.REGULATION OF TRANSCRIPTION.SET-DOMAIN TRANSCRIPTIONAL REGULATOR FAMILY	73	-1.801435	-1.6911957	-	-	-	-	-	-	-	-	-	-
27.3.7 RNA.REGULATION OF TRANSCRIPTION.C2C2(ZN) CONSTANS-LIKE ZINC FINGER FAMILY (CO-LIKE)	45	-	-	-	-	1.5552412	-	1.5353919	1.6333816	-	-	-	-
27.3.71 RNA.REGULATION OF TRANSCRIPTION.SNF7	22	-	-	-	-	-	-	-	-	-	-	-	-
27.3.8 RNA.REGULATION OF TRANSCRIPTION.C2C2(ZN) DOF ZINC FINGER FAMILY	41	-	-	-	-	-	-	-	-	-	-	-	-
27.3.80 RNA.REGULATION OF TRANSCRIPTION.ZF-HD	22	-	-1.5112607	-	-1.4042886	-	-1.5460209	-	-	-	-	-	-
27.3.9 RNA.REGULATION OF TRANSCRIPTION.C2C2(ZN) GATA TRANSCRIPTION FACTOR FAMILY	29	-1.6768318	-1.7221595	-1.5811905	-	-1.6538312	-	-1.50689	-1.5437664	-1.5219834	-1.4488789	-	-1.5120463
27.3.99 RNA.REGULATION OF TRANSCRIPTION.UNCLASSIFIED	356	-	-	-	-	-	-	-	-	-	-	-	-
27.4 RNA.RNA BINDING	297	-	-	-	-	-	-	-	-	-	-	-	-
28.1.1 DNA.SYNTHESIS/CHROMATIN STRUCTURE.RETROTRANSPOSON/TRANSPOSASE	236	-1.4929886	-	-	-	-	-	-	-	-	-	-	-
28.1.1.4 DNA.SYNTHESIS/CHROMATIN STRUCTURE.RETROTRANSPOSON/TRANSPOSASE.HAT-LIKE TRANSPOSASE	151	-1.4972091	-	-	-1.3859202	-	-1.4424022	-	-	-	-	-	-
28.1.3 DNA.SYNTHESIS/CHROMATIN STRUCTURE.HISTONE	83	-1.5907062	-2.0775654	-1.6814463	-	-1.9311332	-	-1.5313367	-1.6191167	-1.736218	-1.6028814	-1.5680972	-1.6987921
28.1.3.2 DNA.SYNTHESIS/CHROMATIN STRUCTURE.HISTONE.CORE	76	-1.699066	-2.1452022	-1.7846556	-	-2.0103996	-	-1.6998748	-1.6691067	-1.7712117	-1.6859937	-1.6345822	-1.7935746
28.1.3.2.1 DNA.SYNTHESIS/CHROMATIN STRUCTURE.HISTONE.CORE.H2A	26	-	-1.8505262	-1.4973539	-	-1.5734979	-	-1.463827	-	-1.6259336	-1.5450548	-1.4881544	-1.5895501
28.1.3.2.3 DNA.SYNTHESIS/CHROMATIN STRUCTURE.HISTONE.CORE.H3	20	-	-1.7609242	-1.5227008	-	-1.7131339	-	-1.4989392	-	-1.4997282	-1.5360082	-	-1.5206364
28.2 DNA.REPAIR	138	-1.7242151	-1.922596	-	-	-	-	-1.5708023	-	-1.461839	-1.597876	-	-1.5615911
28.99 DNA.UNSPECIFIED	398	-	-	-	-	-	-	-	-	-	-	-	-
29.1 PROTEIN.AA ACTIVATION	89	-1.5836915	-	-	-	-	-	-	-	-	-	-	-
29.1.30 PROTEIN.AA ACTIVATION.PSEUDOURIDYLATE SYNTHASE	19	-1.664628	-1.5285006	-	-	-	-	-	-	-	-	-	-
29.2.1.1 PROTEIN.SYNTHESIS.RIBOSOMAL PROTEIN.PROKARYOTIC	173	-1.8833053	-2.127885	-1.7844642	-	-1.7917002	-	-1.7567114	-1.47692	-1.8362883	-1.6886475	-1.4816926	-1.7504048
29.2.1.1.1 PROTEIN.SYNTHESIS.RIBOSOMAL PROTEIN.PROKARYOTIC.CHLOROPLAST	103	-2.017577	-2.2152405	-1.6909701	-	-1.5257124	-	-1.6386447	-	-1.7204329	-1.6124074	-1.4689436	-1.6630137
29.2.1.1.1.1 PROTEIN.SYNTHESIS.RIBOSOMAL PROTEIN.PROKARYOTIC.CHLOROPLAST.30S SUBUNIT	35	-	-1.7266647	-	-	-	-	-	-	-	-	-	-
29.2.1.1.1.2 PROTEIN.SYNTHESIS.RIBOSOMAL PROTEIN.PROKARYOTIC.CHLOROPLAST.50S SUBUNIT	68	-1.9993945	-2.1615267	-1.7772641	-	-1.725481	-	-1.6603881	-1.5342715	-1.7460881	-1.6652696	-1.5694089	-1.7437571
29.2.1.1.2 PROTEIN.SYNTHESIS.RIBOSOMAL PROTEIN.PROKARYOTIC.MITOCHONDRION	26	-	-	-	-	-	-	-	-	-	-	-	-
29.2.1.1.2.1 PROTEIN.SYNTHESIS.RIBOSOMAL PROTEIN.PROKARYOTIC.MITOCHONDRION.30S SUBUNIT	22	-	-	-	-	-	-	-1.4637097	-	-	-	-	-
29.2.1.1.3 PROTEIN.SYNTHESIS.RIBOSOMAL PROTEIN.PROKARYOTIC.UNKNOWN ORGANELLAR	43	-	-1.6469572	-1.5668446	-	-1.6149497	-	-1.6116489	-	-1.5712252	-1.5273039	-	-1.6181848
29.2.1.1.3.2 PROTEIN.SYNTHESIS.RIBOSOMAL PROTEIN.PROKARYOTIC.UNKNOWN ORGANELLAR.50S SUBUNIT	30	-	-1.454124	-1.4759953	-	-1.6128734	-	-1.5570648	-	-1.4452337	-1.4850249	-	-1.5378394
29.2.1.2 PROTEIN.SYNTHESIS.RIBOSOMAL PROTEIN.EUKARYOTIC	324	-1.7212439	-2.0695825	-1.9122959	-	-2.3493173	-	-1.8867152	-1.8313493	-2.0062122	-1.8945123	-1.5509229	-1.9420623
29.2.1.2.1 PROTEIN.SYNTHESIS.RIBOSOMAL PROTEIN.EUKARYOTIC.40S SUBUNIT	123	-1.999014	-2.2016294	-1.8704057	2.0546534	-2.2823393	-	-1.8568184	-1.8003635	-1.9932339	-1.8980932	-1.5149034	-1.9192108
29.2.1.2.2 PROTEIN.SYNTHESIS.RIBOSOMAL PROTEIN.EUKARYOTIC.60S SUBUNIT	200	-	-1.8187871	-1.7805706	-	-2.1614747	-	-1.7723337	-1.7304833	-1.8470377	-1.8235276	-1.5300478	-1.8522931
29.2.1.2.2.34 PROTEIN.SYNTHESIS.RIBOSOMAL PROTEIN.EUKARYOTIC.60S SUBUNIT.L34	15	-	-	-	-	-	-	-	-	-	-	-	-
29.2.1.99 PROTEIN.SYNTHESIS.RIBOSOMAL PROTEIN.UNKNOWN	74	-1.5984842	-1.7316644	-	-	-	-	-	-	-	-	-	-
29.2.1.99.99 PROTEIN.SYNTHESIS.RIBOSOMAL PROTEIN.UNKNOWN.UNKNOWN	68	-1.5262804	-1.6590382	-	-	1.6144158	-	1.5393535	-	-	1.6661836	1.6927267	1.5414867
29.2.2 PROTEIN.SYNTHESIS.RIBOSOME BIOGENESIS	283	-	-	-	-	-1.4576008	-	-1.4736662	-1.5682895	-1.4532207	-1.5210024	-	-1.5588628
29.2.2.2 PROTEIN.SYNTHESIS.RIBOSOME BIOGENESIS.ASSEMBLY FACTORS	15	-	-	-	-	-	-	-	-	-	-	-	-
29.2.2.3 PROTEIN.SYNTHESIS.RIBOSOME BIOGENESIS.PRE-RRNA PROCESSING AND MODIFICATIONS	248	-	-	-1.455213	-	-1.4867762	-	-1.5566295	-1.5892599	-1.4699104	-1.5452976	-	-1.5881543
29.2.2.3.3 PROTEIN.SYNTHESIS.RIBOSOME BIOGENESIS.PRE-RRNA PROCESSING AND MODIFICATIONS.METHYLOTRANSFERASES	176	-	-	-	-	-1.4621361	-	-1.4846665	-1.5557226	-	-1.4520717	-	-1.5111598
29.2.2.3.4 PROTEIN.SYNTHESIS.RIBOSOME BIOGENESIS.PRE-RRNA PROCESSING AND MODIFICATIONS.WD-REPEAT PROTEINS	35	-	-	-	-	-	-	-	-	-1.4841697	-1.6236522	-	-1.492596
29.2.2.3.5 PROTEIN.SYNTHESIS.RIBOSOME BIOGENESIS.PRE-RRNA PROCESSING AND MODIFICATIONS.DEXD-BOX HELICASES	20	-1.5259558	-	-	-	-	-	-	-	-	-	-	-
29.2.3 PROTEIN.SYNTHESIS.INITIATION	107	-	-	-	-	-	-	-	-	-	-	-	-
29.2.4 PROTEIN.SYNTHESIS.ELONGATION	41	-	-	-	-	-1.5486681	-	-	-	-	-	-	-
29.2.5 PROTEIN.SYNTHESIS.RELEASE	17	-	-	-	-	-	-	-	-	-	-	-	-
29.3 PROTEIN.TARGETING	367	-	-	-	-	-	-	-	-	-	-	-	-
29.3.1 PROTEIN.TARGETING.NUCLEUS	62	-1.532494	-	-	-	-	-	-	-	-	-	-	-
29.3.2 PROTEIN.TARGETING.MITOCHONDRIA	39	-	-	-	-	-	-	-	-	-	-1.4659152	-	-1.4314163
29.3.3 PROTEIN.TARGETING.CHLOROPLAST	37	-	-	-	-	-	-	-	-	-	-	-	-
29.3.4 PROTEIN.TARGETING.SECRETORY PATHWAY	192	-	-	-	-	-	-	-	-	-	-	-	-
29.3.4.1 PROTEIN.TARGETING.SECRETORY PATHWAY.ER	18	-	-	-	-	-	-	-	-	-	-	-	-
29.3.4.2 PROTEIN.TARGETING.SECRETORY PATHWAY.GOLGI	19	-	-	-	-	-	-	-	-	-	-	-	-
29.3.4.3 PROTEIN.TARGETING.SECRETORY PATHWAY.VACUOLE	44	-	-	-	-	-	-	-	-	-	-	-	-
29.3.4.99 PROTEIN.TARGETING.SECRETORY PATHWAY.UNSPECIFIED	104	-	-	-	-	-	-	-	-	-	-	-	-
29.3.5 PROTEIN.TARGETING.PEROXISOMES	23	-	-	-	-	-	-	-	-	-	-	-	-
29.4.1 PROTEIN.POSTRANSLATIONAL MODIFICATION.KINASE	458	-	-	-	-	-	-	-	-	-	-	-	-
29.4.1.53 PROTEIN.POSTRANSLATIONAL MODIFICATION.KINASE.RECEPTOR LIKE CYTOPLASMATIC KINASE III	19	-	-	-	-	-	-	-	-	-	-	-	-
29.4.1.55 PROTEIN.POSTRANSLATIONAL MODIFICATION.KINASE.RECEPTOR LIKE CYTOPLASMATIC KINASE V	15	-	-1.4642816	-	-	-	-	-	-	-	-	-	-
29.4.1.56 PROTEIN.POSTRANSLATIONAL MODIFICATION.KINASE.RECEPTOR LIKE CYTOPLASMATIC KINASE VI	15	-	-	-	-	-	-	-	-	-	-	-	-
29.4.1.57 PROTEIN.POSTRANSLATIONAL MODIFICATION.KINASE.RECEPTOR LIKE CYTOPLASMATIC KINASE VII	59	1.6829467	1.6997342	1.5826831	-	-	-	1.5728619	-	1.6602052	1.6210895	-	1.6674792
29.4.1.59 PROTEIN.POSTRANSLATIONAL MODIFICATION.KINASE.RECEPTOR LIKE CYTOPLASMATIC KINASE IX	22	-	-	-	-	-	-	-	-	-	-1.4229034	-	-
29.5.1 PROTEIN.DEGRADATION.SUBTILASES	134	-	-	-1.6879244	-1.4208082	-1.8145936	-1.4461237	-1.6796185	-1.659761	-1.6619784	-1.605571	-1.6275387	-1.6856949
29.5.11.1 PROTEIN.DEGRADATION.UBIQUITIN.UBIQUITIN	54	1.544459	-	-	-	-	-	-	-	-	-	-	-
29.5.11.20 PROTEIN.DEGRADATION.UBIQUITIN.PROTEASOM	73	-	-	-	-	-	-	-	-	-	-	-	-
29.5.11.3 PROTEIN.DEGRADATION.UBIQUITIN.E2	58	1.4679638	-	-	-	-	-	-	-	-	-	-	-
29.5.11.4.1 PROTEIN.DEGRADATION.UBIQUITIN.E3.HECT	43	-	1.630768	1.8154851	-	1.9590997	-	1.5037872	1.8019251	1.9844681	1.964102	1.864496	1.8636762
29.5.11.4.3.1 PROTEIN.DEGRADATION.UBIQUITIN.E3.SCF.SKP	56	-	-	-	-	-	-	-	-	-	-	-	-
29.5.11.4.3.3 PROTEIN.DEGRADATION.UBIQUITIN.E3.SCF.CULLIN	36	-	-	-	-	-	-	-	-	-	-	-	-
29.5.11.4.5 PROTEIN.DEGRADATION.UBIQUITIN.E3.BTB/POZ CULLIN3	20	1.5726695	1.5625141	1.7624321	-	1.6503987	-	1.5256573	1.6599156	1.7119753	1.6337006	-	1.8081502
29.5.11.4.5.2 PROTEIN.DEGRADATION.UBIQUITIN.E3.BTB/POZ CULLIN3.BTB/POZ	17	1.5783938	1.6286936	1.7282233	-	1.6186373	-	1.646758	1.5964123	1.6814072	-	-	1.7332511
29.5.11.5 PROTEIN.DEGRADATION.UBIQUITIN.UBIQUITIN PROTEASE	50	-	-	-	-	-	-	-	-	-	-	-	-
29.5.2 PROTEIN.DEGRADATION.AUTOPHAGY	22	1.62998	1.6858845	-	-	1.6155096	-	-	-	1.6464312	1.830887	-	1.7082183
29.5.3 PROTEIN.DEGRADATION.CYSTEINE PROTEASE	190	-	-	-	-	-	-	-	-	-	-	-	-
29.5.4 PROTEIN.DEGRADATION.ASPARTATE PROTEASE	102	-	-	-	-	-	-	-	-	-	-	-	-
29.5.5 PROTEIN.DEGRADATION.SERINE PROTEASE	151	-	-	-	-	-	-	-	-	-	-	-	-
29.5.7 PROTEIN.DEGRADATION.METALLOPROTEASE	52	-	-	-	-	-	-	-	-	-	-	-	-
29.5.9 PROTEIN.DEGRADATION.AAA TYPE	59	-	-	-	-	-	-	-	-	1.678981	-	-	-
29.6 PROTEIN.FOLDING	106	-	-1.4977694	-	-	-	-	-	-	-	-	-	-
29.7 PROTEIN.GLYCOSYLATION	74	-	-	-	-	-	-	-	-	-	-	-	-
29.8 PROTEIN.ASSEMBLY AND COFACTOR LIGATION	75	-	-1.555436	-	-	-	-	-	-	-	-	-	-
3 MINOR CHO METABOLISM	143	-	-	-	-	-	-	-	-	-	-	-	-
3.2 MINOR CHO METABOLISM.TREHALOSE	27	1.5443784	1.5684971	-	-	-	-	-	-	-	-	-	-
3.2.3 MINOR CHO METABOLISM.TREHALOSE.POTENTIAL TPS/TPP	15	-	1.5681311	1.6038322	-	-	-	-	-	-	-	-	-
3.4 MINOR CHO METABOLISM.MYO-INOSITOL	19	-	-	-	-	-	-	-	-	-	-	-	-
3.5 MINOR CHO METABOLISM.OTHERS	52	-	-	-	-	-	-	-	-	-	-	-	-
3.6 MINOR CHO METABOLISM.CALLOSE	15	-	-	-	-	-	-	-	-	-	-	-	-
30.1 SIGNALLING.IN SUGAR AND NUTRIENT PHYSIOLOGY	66	1.532937	1.6090955	-	-	-	-	-	-	1.6033635	-	-	-
30.1.1 SIGNALLING.IN SUGAR AND NUTRIENT PHYSIOLOGY.MISC	63	1.4625572	1.5674366	-	-	-	-	-	-	1.6203363	-	-	-
30.11 SIGNALLING.LIGHT	179	-	-	-	-	-	-	-	-	-	-	-	-
30.11.1 SIGNALLING.LIGHT.COP9 SIGNALOSOME	22	-	-	-	-	-	-	-	-	-	-	-	-
30.2.10 SIGNALLING.RECEPTOR KINASES.LEUCINE RICH REPEAT X	30	-	-	-	-	-	-	-	-	-	-	-	-
30.2.11 SIGNALLING.RECEPTOR KINASES.LEUCINE RICH REPEAT XI	58	-	-	-1.6291989	-1.4828709	-1.7979325	-1.5349003	-	-	-1.6467633	-1.4780115	-	-1.4659939
30.2.12 SIGNALLING.RECEPTOR KINASES.LEUCINE RICH REPEAT XII	234	-	-	-	-1.5257959	-	-1.4969827	-	-	-	-	-	-
30.2.16 SIGNALLING.RECEPTOR KINASES.CATHARANTHUS ROSEUS-LIKE RLK1	79	-	-	-	-	-	-1.4570267	-	-	-	-	-	-
30.2.17 SIGNALLING.RECEPTOR KINASES.DUF 26	94	1.7572078	1.814448	-	-	-	-	-	-	-	-	-	-
30.2.19 SIGNALLING.RECEPTOR KINASES.LEGUME-LECTIN	38	-	1.4786494	-	-	-	-1.4170755	-	-	-	-	-	-
30.2.2 SIGNALLING.RECEPTOR KINASES.LEUCINE RICH REPEAT II	18	-	-	-	-	-	-	-	-	-	-	-	-
30.2.20 SIGNALLING.RECEPTOR KINASES.WHEAT LRK10 LIKE	21	-	-	-	-1.3973879	-	-	-	-	-	-	-	-
30.2.22 SIGNALLING.RECEPTOR KINASES.PROLINE EXTENSIN LIKE	23	-	-	-	-	-	-	-	-	-	-	-	-
30.2.24 SIGNALLING.RECEPTOR KINASES.S-LOCUS GLYCOPROTEIN LIKE	87	1.7478273	1.8706145	-	-1.4838814	1.6366614	-1.4748956	-	1.5988941	1.7348871	-	-	-
30.2.25 SIGNALLING.RECEPTOR KINASES.WALL ASSOCIATED KINASE	50	-	-	-	-1.541279	-	-1.4338325	-	-	-	-	-	-
30.2.3 SIGNALLING.RECEPTOR KINASES.LEUCINE RICH REPEAT III	46	-	-	-1.6812055	-	-1.7979552	-1.4701986	-1.6053313	-1.5141331	-1.5494483	-1.5659019	-1.4615114	-1.6277201
30.2.6 SIGNALLING.RECEPTOR KINASES.LEUCINE RICH REPEAT VI	15	-	-	-	-	-	-	-	-	-	-	-	-
30.2.8 SIGNALLING.RECEPTOR KINASES.LEUCINE RICH REPEAT VIII	62	-	-	-	-	-	-	-	-	-	-	-	-
30.2.8.1 SIGNALLING.RECEPTOR KINASES.LEUCINE RICH REPEAT VIII.TYPE 1	20	-	-	-	-	-	-	-	-	-	-	-	-
30.2.8.2 SIGNALLING.RECEPTOR KINASES.LEUCINE RICH REPEAT VIII.TYPE 2	41	-	-	1.6411403	-	-	-	1.5520529	-	-	-	-	-
30.2.99 SIGNALLING.RECEPTOR KINASES.MISC	206	-	-	-	-1.4834967	-	-1.4904759	-	-	-	-	-	-
30.3 SIGNALLING.CALCIUM	395	1.4645151	-	-	-	-	-	-	-	1.5944692	-	-	-
30.4 SIGNALLING.PHOSPHINOSITIDES	78	1.5522469	1.6448449	-	-	1.6047966	-	-	-	-	-	-	-
30.4.1 SIGNALLING.PHOSPHINOSITIDES.PHOSPHATIDYLINOSITOL-4-PHOSPHATE 5-KINASE	24	-	-	-	-	-	-	-	-	-	-	-	-
30.5 SIGNALLING.G-PROTEINS	319	-	-	-	-	-	-	-	-	-	-	-	-
30.6 SIGNALLING.MAP KINASES	112	1.7391597	1.6536485	-	-	-	-	-	-	-	-	-	-
30.99 SIGNALLING.UNSPECIFIED	19	-	-	-	-	-	-	-	-	-	-	-	-
31.2 CELL.DIVISION	120	-	-	-	-	-	-	-	-	-	-	-	-
31.3 CELL.CYCLE	173	-1.9784184	-2.099292	-1.7924252	-	-1.7810549	-	-1.6914523	-1.6012914	-1.7831415	-1.6204385	-	-1.6523334
31.3.1 CELL.CYCLE.PEPTIDYLPROLYL ISOMERASE	37	-	-	-	-	-	-	-	-	-	-	-	-
31.4 CELL.VESICLE TRANSPORT	203	1.6935415	1.727418	-	-	-	-	-	-	-	-	-	-
31.5 CELL.CELL DEATH	55	-	-	-	-	-	-	-	-	-	-	-	-
31.5.1 CELL.CELL DEATH.PLANTS	33	-	-	-	-	-	-	-	-	-	-	-	-
33.1 DEVELOPMENT.STORAGE PROTEINS	66	-	-	-	-	-	-	-	-	-	-	-	-
33.2 DEVELOPMENT.LATE EMBRYOGENESIS ABUNDANT	89	-	-	-	-	-	-	-	-	-	-	-	-
33.3 DEVELOPMENT.SQUAMOSA PROMOTER BINDING LIKE (SPL)	18	-	-	-	-1.4234482	-	-	-	-	-	-	-	-
33.30 DEVELOPMENT.MULTITARGET	20	-	-	-	-	1.641827	-	-	-	-	-	-	-
33.30.1 DEVELOPMENT.MULTITARGET.TARGET OF RAPAMYCIN	20	-	-	-	-	1.6157113	-	-	-	-	-	-	-
34.1 TRANSPORT.P- AND V-ATPASES	78	-	-	-	-	-	-	-	-	-	-	-	-
34.1.1 TRANSPORT.P- AND V-ATPASES.H+-TRANSPORTING TWO-SECTOR ATPASE	20	-	-	-	-	-	-	-	-	-	-	-	-
34.10 TRANSPORT.NUCLEOTIDES	47	-	-	-	-1.421257	-	-1.5413294	-	-	-	-	-	-
34.12 TRANSPORT.METAL	128	1.4969031	1.6087205	-	-	-	-	-	-	-	-	-	-
34.13 TRANSPORT.PEPTIDES AND OLIGOPEPTIDES	123	-	-	-	-	-	-	-	-	-1.4545958	-	-	-
34.14 TRANSPORT.UNSPECIFIED CATIONS	68	-	-	-	-	-	-	-	-	-	-	-	-
34.15 TRANSPORT.POTASSIUM	72	-	-	-	-	-	-	-	-	-	-	-	-
34.16 TRANSPORT.ABC TRANSPORTERS AND MULTIDRUG RESISTANCE SYSTEMS	219	1.5351549	1.7445077	-	-	-	-	-	-	-	-	-	-
34.18 TRANSPORT.UNSPECIFIED ANIONS	39	-	-	-	-	-	-	-	-	-	-	-	-
34.18.1 TRANSPORT.UNSPECIFIED ANIONS.ARSENITE-TRANSPORTING ATPASE	17	-1.520574	-	-1.5434153	-	-	-	-	-	-1.5193691	-	-	-1.4103305
34.19 TRANSPORT.MAJOR INTRINSIC PROTEINS	44	-	-	-1.5030067	-	-1.5185678	-1.4993737	-	-	-	-	-	-
34.19.1 TRANSPORT.MAJOR INTRINSIC PROTEINS.PIP	17	-	-	-1.5309926	-	-	-1.4374715	-	-	-	-	-	-
34.2 TRANSPORT.SUGARS	116	-	-	-	-	-	-	-	-	-	-	-	-
34.21 TRANSPORT.CALCIUM	24	-	-	-	-	-	-	-	-	-	-	-	-
34.22 TRANSPORT.CYCLIC NUCLEOTIDE OR CALCIUM REGULATED CHANNELS	26	-	-	-	-	-	-	-	-	-	-	-	-
34.3 TRANSPORT.AMINO ACIDS	98	-	1.4854016	-	-1.4044904	-	-	-	-	-	-	-	-
34.4 TRANSPORT.NITRATE	29	-	-	-	-	-	-1.4650136	-	-	-	-	-	-
34.6 TRANSPORT.SULPHATE	16	-	-	-	-1.4178438	-	-	-	-	-	-	-	-
34.7 TRANSPORT.PHOSPHATE	32	-	-	-	-1.5303111	-	-1.4583484	-	-	-	-	-	-
34.8 TRANSPORT.METABOLITE TRANSPORTERS AT THE ENVELOPE MEMBRANE	37	-	-	-	-	-	-	-	-	-	-	-	-
34.9 TRANSPORT.METABOLITE TRANSPORTERS AT THE MITOCHONDRIAL MEMBRANE	100	-	-	-	-	-	-	-	-	-	-	-	-
34.98 TRANSPORT.MEMBRANE SYSTEM UNKNOWN	15	-	-1.469095	-	-	-	-	-	-	-	-	-	-
34.99 TRANSPORT.MISC	165	-	-	-	-	-	-	-	-	-	-	-	-
35.1.19 NOT ASSIGNED.NO ONTOLOGY.C2 DOMAIN-CONTAINING PROTEIN	19	-	1.7301341	1.6280359	-	-	-	-	-	-	-	-	-
35.1.21 NOT ASSIGNED.NO ONTOLOGY.EPSIN N-TERMINAL HOMOLOGY (ENTH) DOMAIN-CONTAINING PROTEIN	26	-	-	-	-	-	-	-	-	-	-	-	-
35.1.27 NOT ASSIGNED.NO ONTOLOGY.TETRATRICOPEPTIDE REPEAT (TPR)	289	-2.1385388	-1.9014131	-	-	-	-	-1.4758514	-	-1.5037224	-1.4389654	-	-1.4769251
35.1.3 NOT ASSIGNED.NO ONTOLOGY.ARMADILLO/BETA-CATENIN REPEAT FAMILY PROTEIN	39	-	-	-	-	-	-	-	-	-	-	-	-
35.1.40 NOT ASSIGNED.NO ONTOLOGY.GLYCINE RICH PROTEINS	46	-	-	1.5889846	-	1.5799061	-	1.7396216	1.5664485	1.660121	-	-	1.7349386
35.1.41 NOT ASSIGNED.NO ONTOLOGY.HYDROXYPROLINE RICH PROTEINS	80	-	-	-	-	-	-	-	-	-	-	-	-
35.1.42 NOT ASSIGNED.NO ONTOLOGY.PROLINE RICH FAMILY	25	-	-	-	-	-	-	-	-	-	-	-	-
35.1.5 NOT ASSIGNED.NO ONTOLOGY.PENTATRICOPEPTIDE (PPR) REPEAT-CONTAINING PROTEIN	416	-2.600049	-2.5126052	-1.6760261	-	-	-1.4746734	-1.7244937	-1.5563878	-1.7688987	-1.7291403	-1.5366907	-1.7657547
35.1.9 NOT ASSIGNED.NO ONTOLOGY.BTB/POZ DOMAIN-CONTAINING PROTEIN	15	-	-	-	-	-	-	-	-	-	-	-	-
4 GLYCOLYSIS	92	-	-	-	-	-	-	-	-	-	-	-	-
4.1 GLYCOLYSIS.CYTOSOLIC BRANCH	63	-	-	-	-	-	-	-	-	-	-	-	-
4.3 GLYCOLYSIS.UNCLEAR/DUALLY TARGETED	16	-	-	-	-	-	-	-	-	-	-	-	-
5 FERMENTATION	44	1.5691189	1.5239594	-	-	-	-	-	-	-	-	-	-
5.10 FERMENTATION.ALDEHYDE DEHYDROGENASE	18	-	-	-	-	-	-	-	-	-	-	-	-
5.3 FERMENTATION.ADH	17	-	-	-	-	-	-	-	-	-	-	-	-
6 GLUCONEOGENESIS / GLYOXYLATE CYCLE	17	-	-	-	-	-	-	-	-	-	-	-	-
7 OPP	27	-	-	-	-	-	-	-	-	-	-	-	-
7.1 OPP.OXIDATIVE PP	15	-	-	-	-	-	-	-	-	-	-	-	-
8 TCA / ORGANIC TRANSFORMATION	87	1.6399528	-	-	-	-	-	-	-	-	-	-	-
8.1 TCA / ORGANIC TRANSFORMATION.TCA	52	1.6926161	1.6468472	-	-	-	-	-	-	-	-	-	-
8.1.1 TCA / ORGANIC TRANSFORMATION.TCA.PYRUVATE DH	15	-	-	-	-	-	-	-	-	-	-	-	-
8.2 TCA / ORGANIC TRANSFORMATION.OTHER ORGANIC ACID TRANSFORMATIONS	22	-	-	-	-	-	-	-	-	-	-	-	-
9 MITOCHONDRIAL ELECTRON TRANSPORT / ATP SYNTHESIS	237	-	-	-	-	-	-	-	-	-	-	-	-
9.1 MITOCHONDRIAL ELECTRON TRANSPORT / ATP SYNTHESIS.NADH-DH (TYPE I)	74	-	-	-	-	-1.6298624	-	-1.5899147	-	-1.6321543	-1.5882323	-	-1.5220255
9.1.1 MITOCHONDRIAL ELECTRON TRANSPORT / ATP SYNTHESIS.NADH-DH (TYPE I).COMPLEX I	21	-	-	-	-	-	-	-	-	-	-	-1.4280283	-1.439017
9.1.2 MITOCHONDRIAL ELECTRON TRANSPORT / ATP SYNTHESIS.NADH-DH (TYPE I).LOCALISATION NOT CLEAR	53	-	-	-	-	-1.5270107	-	-1.480202	-	-1.5796201	-1.4998187	-	-
9.6 MITOCHONDRIAL ELECTRON TRANSPORT / ATP SYNTHESIS.CYTOCHROME C	30	-	-	-	-	-	-	-	-	-	-1.4471551	-	-
9.7 MITOCHONDRIAL ELECTRON TRANSPORT / ATP SYNTHESIS.CYTOCHROME C OXIDASE	41	-	-	-	-	-	-	-	-	-	-	-	-
9.9 MITOCHONDRIAL ELECTRON TRANSPORT / ATP SYNTHESIS.F1-ATPASE	63	-	-	-	-	-1.4604585	-	-	-	-	-	-	-
