potatoID	athID	geneID	rbbID	X1	athDescription	positives	athCoverage	tarCoverage	BINCODE	NAME	DESCRIPTION	leaves_inoculated_PS216_26h.leaves_noninoculated...logFC	leaves_inoculated_PS218_26h.leaves_noninoculated...logFC	roots_inoculated_PS216_2h_A.roots_noninoculated_A...logFC	roots_inoculated_PS218_2h_A.roots_noninoculated_A...logFC	roots_inoculated_PS216_26h_B.roots_noninoculated_B...logFC	roots_inoculated_PS218_26h_B.roots_noninoculated_B...logFC	roots_inoculated_PS_216_YFP.roots_noninoculated...logFC	roots_inoculated_PS_218_YFP.roots_noninoculated...logFC	roots_inoculated_PS_218_MKATE.roots_noninoculated...logFC	roots_inoculated_PS_218_YFP__PS_218_MKATE.roots_noninoculated...logFC	roots_inoculated_PS_216_YFP__PS_218_MKATE.roots_noninoculated...logFC
Sotub01g009430	AT5G06950	TGA2,5,6	RBB_hvu_10773	6	bZIP transcription factor family protein	89	85	86	27.3.35	RNA.regulation of transcription.bZIP transcription factor family	BZIP transcription factor	1.02	1.35	0	0	0	0	0	0	1.47	0	1.15
Sotub01g010040	AT3G20770	EIN3(like)	RBB_hvu_06857	4	Ethylene insensitive 3 family protein	77	84	86	27.3.19	RNA.regulation of transcription.EIN3-like (EIL) transcription factor family	Ethylene insensitive 3 class transcription factor	1.87	2.47	0	0	1.25	1.18	0.98	0	0.9	0.96	0.86
Sotub01g010040	AT3G20770	EIN3	RBB_hvu_06857	4	Ethylene insensitive 3 family protein	77	84	86	27.3.19	RNA.regulation of transcription.EIN3-like (EIL) transcription factor family	Ethylene insensitive 3 class transcription factor	1.87	2.47	0	0	1.25	1.18	0.98	0	0.9	0.96	0.86
Sotub01g021180	AT4G02570	CUL	RBB_hvu_08520	20	cullin 1	91	98	99	29.5.11.4.3.3	protein.degradation.ubiquitin.E3.SCF.cullin	Ubiquitin-protein ligase Cullin 4	0.64	1.11	0	0	0.97	0.47	0	0	0	0	0
Sotub01g021760	AT1G08830	SOD	RBB_hvu_00482	1	copper/zinc superoxide dismutase 1	89	60	61	21.6	redox.dismutases and catalases	Superoxide dismutase	0	0	0	0	0	0	0	0	0	0	0
Sotub01g021980	AT4G15560	DXPS2	RBB_hvu_09018	2	Deoxyxylulose-5-phosphate synthase	91	100	99	16.1.1.1	secondary metabolism.isoprenoids.non-mevalonate pathway.DXS	1-deoxy-D-xylulose 5-phosphate synthase 1	-1.1	-1.61	0	0	-1.63	0.51	0	0	0	0	0
Sotub01g022470	AT3G21510	AHP1,2,3,4,5	RBB_hvu_06898	3	histidine-containing phosphotransmitter 1	85	98	99	30.10	signalling.phosphorelay	Histidine-containing phosphotransfer protein	0.54	0	0	0	1.09	0.48	0	0	0	0	0.82
Sotub01g025220	AT2G27150	AAO	RBB_hvu_04452	6	abscisic aldehyde oxidase 3	74	96	96	17.1.1.1.12	hormone metabolism.abscisic acid.synthesis-degradation.synthesis.abscisic aldehyde oxidase	Aldehyde oxidase	0	0	0	0	0	0	0	0	0	0	0
Sotub01g025230	AT3G63440	CKX	RBB_hvu_08370	1	cytokinin oxidase/dehydrogenase 6	80	100	100	17.4.1	hormone metabolism.cytokinin.synthesis-degradation	Cytokinin oxidase/dehydrogenase	2.32	2.92	0	2.59	3.86	2.32	0	4.41	4.4	3.19	5.2
Sotub01g028290	AT1G05160	KAO1,2	RBB_hvu_00254	1	cytochrome P450%2C family 88%2C subfamily A%2C polypeptide 3	81	97	95	26.10	misc.cytochrome P450	Cytochrome P450 ent-kaurenoic acid oxidase	0	0	0	-0.99	0	0	0	0	0	1.05	0
Sotub01g031710	AT4G00660	RH8	RBB_hvu_08423	4	RNAhelicase-like 8	88	84	94	28.1	DNA.synthesis/chromatin structure	ATP-dependent RNA Helicase	0	0	0	0	0	0	0	0	0	0	0
Sotub01g032370	AT4G01370	MPK4	RBB_hvu_08459	3	MAP kinase 4	95	64	66	29.4	protein.postranslational modification	Mitogen-activated protein kinase 4	0	1.77	0	0	1.68	0.68	0	1.15	1.55	0	1.36
Sotub01g032520	AT3G61510	ACS	RBB_hvu_08256	5	ACC synthase 1	80	97	98	17.5.1.1	hormone metabolism.ethylene.synthesis-degradation.1-aminocyclopropane-1-carboxylate synthase	1-aminocyclopropane-1-carboxylate synthase	13.05	13.88	0	0	8.48	8.06	0	0	0	0	0
Sotub01g033030	AT2G46370	JAR	RBB_hvu_05576	5	Auxin-responsive GH3 family protein	84	97	99	17.2.3	hormone metabolism.auxin.induced-regulated-responsive-activated	Indole-3-acetic acid-amido synthetase GH3.8	0	1.57	0	0	1.71	2.31	0	1.14	1.61	1.49	1.43
Sotub01g034310	AT3G20770	EIN3	RBB_hvu_06857	4	Ethylene insensitive 3 family protein	72	78	81	27.3.19	RNA.regulation of transcription.EIN3-like (EIL) transcription factor family	Ethylene insensitive 3 class transcription factor	2.1	2.52	0.98	1.24	3.46	3.35	2.25	3.03	2.85	2.68	3.02
Sotub01g034310	AT3G20770	EIN3(like)	RBB_hvu_06857	4	Ethylene insensitive 3 family protein	72	78	81	27.3.19	RNA.regulation of transcription.EIN3-like (EIL) transcription factor family	Ethylene insensitive 3 class transcription factor	2.1	2.52	0.98	1.24	3.46	3.35	2.25	3.03	2.85	2.68	3.02
Sotub01g034730	AT3G04720	PR4	RBB_hvu_05895	3	pathogenesis-related 4	85	55	81	20.1.7	stress.biotic.PR-proteins	Pathogenesis-related protein 4B (Fragment)	6.34	6.18	0	0	0	0	0	0	0	0	0
Sotub01g034760	AT3G04720	PR4	RBB_hvu_05895	3	pathogenesis-related 4	80	77	77	20.1.7	stress.biotic.PR-proteins	Chitinase (Fragment)	6.5	6.9	0	0	1.11	1.7	0.94	1.26	1.68	1.29	1.44
Sotub01g036020	AT5G27320	GID1	RBB_hvu_11882	1	alpha/beta-Hydrolases superfamily protein	91	97	95	17.6.2	hormone metabolism.gibberelin.signal transduction	GID1-like gibberellin receptor	0	0	0	0	0	0	0	0	0	0	0
Sotub01g036960	AT1G55020	LOX	RBB_hvu_02246	16	lipoxygenase 1	83	96	96	17.7.1.2	hormone metabolism.jasmonate.synthesis-degradation.lipoxygenase	Lipoxygenase	1.04	1.43	0	0	0	0	0	1.65	1.43	1.67	1.32
Sotub01g038210	AT1G09210	CRT2	RBB_hvu_00506	1	calreticulin 1b	93	82	83	30.3	signalling.calcium	Calreticulin 2 calcium-binding protein	0	-0.72	0	0	-2.36	-3.86	-2.19	-3.29	-4.01	-3.47	-3.2
Sotub01g038880	AT4G01850	SAMS	RBB_hvu_08477	2	S-adenosylmethionine synthetase 2	97	100	99	13.1.3.4.11	amino acid metabolism.synthesis.aspartate family.methionine.S-adenosylmethionine synthetase	S-adenosylmethionine synthase	0	0	1.51	1.13	1.78	0.88	0.98	0	0	0	0.8
Sotub01g042020	AT4G33430	BAK1	RBB_hvu_10030	2	BRI1-associated receptor kinase	84	90	97	20.1.2	stress.biotic.receptors	Receptor-like serine/threonine-protein kinase At1g78530	1.94	2.5	0	0	0.89	0.8	0	0	1.14	0	0.77
Sotub01g046610	AT4G34350	ISPH	RBB_hvu_10098	1	4-hydroxy-3-methylbut-2-enyl diphosphate reductase	89	99	100	16.1.1.7	secondary metabolism.isoprenoids.non-mevalonate pathway.HDR	4-hydroxy-3-methylbut-2-enyl diphosphate reductase	0	0	0	0	0.85	1.6	0.92	1.36	1.46	1.27	1.22
Sotub01g048890	AT4G35000	APX	RBB_hvu_10138	2	ascorbate peroxidase 3	90	100	100	21.2.1	redox.ascorbate and glutathione.ascorbate	Ascorbate peroxidase	0	-1.1	0	0	-0.87	-0.51	0	0	-0.84	-0.88	0
Sotub01g049050	AT5G42190	ASK	RBB_hvu_12246	6	E3 ubiquitin ligase SCF complex subunit SKP1/ASK1 family protein	82	92	99	29.5.11.4.3.1	protein.degradation.ubiquitin.E3.SCF.SKP	S-phase kinase-associated protein 1A	1.12	1.61	1.18	0	1.2	1.46	0	0	0	0	0
Sotub01g049060	AT5G42190	ASK	RBB_hvu_12246	6	E3 ubiquitin ligase SCF complex subunit SKP1/ASK1 family protein	83	91	99	29.5.11.4.3.1	protein.degradation.ubiquitin.E3.SCF.SKP	S-phase kinase-associated protein 1A	0.84	0.74	0.98	0.76	0.92	0.77	0.65	0.71	0.59	0.62	0.69
Sotub01g049780	AT2G17290	CDPK	RBB_hvu_03949	2	Calcium-dependent protein kinase family protein	88	96	98	30.3	signalling.calcium	Calcium-dependent protein kinase 10	0	1.18	-0.97	-1.04	0	0	0	0	0	0	0
Sotub01g049780	AT2G17290	CPK4,5,6,11	RBB_hvu_03949	2	Calcium-dependent protein kinase family protein	88	96	98	30.3	signalling.calcium	Calcium-dependent protein kinase 10	0	1.18	-0.97	-1.04	0	0	0	0	0	0	0
Sotub02g008310	AT1G05010	ACO	RBB_hvu_00244	5	ethylene-forming enzyme	91	99	100	17.5.1.2	hormone metabolism.ethylene.synthesis-degradation.1-aminocyclopropane-1-carboxylate oxidase	1-aminocyclopropane-1-carboxylate oxidase	0	0	0	0	0	0	0	0	0	0	0
Sotub02g009500	AT3G12500	PR3	RBB_hvu_06353	10	basic chitinase	82	72	91	20.1.7.3	stress.biotic.PR-proteins.PR3/4/8/11 (chitinases and chitin binding proteins)	Endochitinase (Chitinase)	4.52	4.78	0	0	0	0	0	0	0	0	0
Sotub02g014610	AT5G44790	HMA	RBB_hvu_12387	1	copper-exporting ATPase / responsive-to-antagonist 1 / copper-transporting ATPase (RAN1)	85	99	99	34.12	transport.metal	Copper-transporting ATPase	2.44	2.85	0	0	1.41	1.48	0	0	1.36	1.14	0.81
Sotub02g017300	AT5G46330	FLS2	RBB_hvu_12458	2	Leucine-rich receptor-like protein kinase family protein	72	96	96	30.2.12	signalling.receptor kinases.leucine rich repeat XII	G-type lectin S-receptor-like serine/threonine-protein kinase At1g61490	0	0	0	0	0	0	0	2.29	2.06	0	2.41
Sotub02g017560	AT3G57040	ARR-A	RBB_hvu_08042	3	response regulator 9	78	54	77	27.3.5	RNA.regulation of transcription.ARR	Response regulator 6	0	0	0	0	0	0	0	0	0	0	0
Sotub02g020180	AT3G23240	ERF/EDF	RBB_hvu_06992	6	ethylene response factor 1	74	52	62	17.5.2	hormone metabolism.ethylene.signal transduction	Ethylene-responsive transcription factor 2	0	0	0	3.73	6.25	5.35	0	0	0	0	0
Sotub02g020180	AT3G23240	ERF1	RBB_hvu_06992	6	ethylene response factor 1	74	52	62	17.5.2	hormone metabolism.ethylene.signal transduction	Ethylene-responsive transcription factor 2	0	0	0	3.73	6.25	5.35	0	0	0	0	0
Sotub02g021760	AT2G29990	NADPH-dehydrogenase	RBB_hvu_04593	1	alternative NAD(P)H dehydrogenase 2	87	89	83	9.2.1	mitochondrial electron transport / ATP synthesis.NADH-DH (type II).internal matrix	NADH dehydrogenase	3.78	4.37	0	0	0	0	0	0	1.97	0	0
Sotub02g022150	AT4G21490	NADPH-dehydrogenase	RBB_hvu_09343	2	NAD(P)H dehydrogenase B3	86	100	99	9.2.2	mitochondrial electron transport / ATP synthesis.NADH-DH (type II).external	NADH dehydrogenase	3.72	4.96	0	0	1.59	3.49	0	2.94	4.18	2.48	2.25
Sotub02g023790	AT1G11790	ADT	RBB_hvu_00664	1	arogenate dehydratase 1	77	98	96	13.1.6.3.1	amino acid metabolism.synthesis.aromatic aa.phenylalanine.arogenate dehydratase / prephenate dehydratase	Prephenate dehydratase family protein	0	0	0	0	0	0	0	0	0	-1.37	0
Sotub02g024300	AT1G05010	ACO	RBB_hvu_00244	5	ethylene-forming enzyme	88	98	99	17.5.1.2	hormone metabolism.ethylene.synthesis-degradation.1-aminocyclopropane-1-carboxylate oxidase	1-aminocyclopropane-1-carboxylate oxidase	0	0	0	0	0	0	0	0	0	0	0
Sotub02g026140	AT4G35090	CAT	RBB_hvu_10141	3	catalase 2	97	100	100	21.6	redox.dismutases and catalases	Catalase	0	0	0	0	-0.81	0.29	0	0	0	0	0
Sotub02g026140	AT4G35090	CAT2	RBB_hvu_10141	3	catalase 2	97	100	100	21.6	redox.dismutases and catalases	Catalase	0	0	0	0	-0.81	0.29	0	0	0	0	0
Sotub02g026320	AT3G12500	PR3	RBB_hvu_06353	10	basic chitinase	79	72	92	20.1.7.3	stress.biotic.PR-proteins.PR3/4/8/11 (chitinases and chitin binding proteins)	Endochitinase (Chitinase)	3.3	2.89	0	0	0	0	0	0	0	0	0
Sotub02g028080	AT4G36470	JMT	RBB_hvu_10211	1	S-adenosyl-L-methionine-dependent methyltransferases superfamily protein	77	98	98	17.8.1.1.7	hormone metabolism.salicylic acid.synthesis-degradation.synthesis.methyl-SA methylesterase	Carboxyl methyltransferase 4	2.1	2.31	0	0	4.58	4.44	3.21	3.7	4.04	3.89	4.23
Sotub02g028860	AT3G25780	AOC	RBB_hvu_07140	1	allene oxide cyclase 3	74	78	82	17.7.1.4	hormone metabolism.jasmonate.synthesis-degradation.allene oxidase cyclase	Allene oxide cyclase	0	0	0	0	-1.61	-2.34	0	0	0	-1.54	-2.12
Sotub02g030480	AT4G37770	ACS	RBB_hvu_10288	5	1-amino-cyclopropane-1-carboxylate synthase 8	85	100	100	17.5.1.1	hormone metabolism.ethylene.synthesis-degradation.1-aminocyclopropane-1-carboxylate synthase	1-aminocyclopropane-1-carboxylate synthase	0	6.67	0	3.43	0	0	0	0	0	0	0
Sotub02g034450	AT3G29200	CM	RBB_hvu_07306	1	chorismate mutase 1	81	80	85	13.1.6.2.1	amino acid metabolism.synthesis.aromatic aa.phenylalanine and tyrosine.chorismate mutase	Chorismate mutase 1	3.03	3.38	0	0	1.08	0.68	0	0	1.12	0.96	1.01
Sotub03g009830	AT5G38430	RBCS-1B	RBB_hvu_12062	1	Ribulose bisphosphate carboxylase (small chain) family protein	87	89	88	1.3.2	PS.calvin cycle.rubisco small subunit	Ribulose bisphosphate carboxylase small chain	-1.35	-2.48	0	0	0	0	0	0	0	0	0
Sotub03g012020	AT4G11260	SGT1	RBB_hvu_08788	1	phosphatase-like protein	73	93	90	29.4	protein.postranslational modification	SGT1	0.67	0.92	0	0	0.99	0.15	0	0	0	0	0
Sotub03g012220	AT5G52640	HSP90	RBB_hvu_12824	3	heat shock-like protein	97	96	96	20.2.1	stress.abiotic.heat	Heat shock protein 90 (Fragment)	0	0	0	0	0	0	0	3.67	0	0	3.1
Sotub03g015790	AT5G24020	MIND1	RBB_hvu_11728	1	septum site-determining protein (MIND)	92	93	91	31.2.5	cell.division.plastid	Septum site-determining protein MinD	0	-0.63	0	0	0	0	-2.19	0	0	0	0
Sotub03g019490	AT2G37040	PAL	RBB_hvu_04994	8	PHE ammonia lyase 1	80	40	99	16.2.1.1	secondary metabolism.phenylpropanoids.lignin biosynthesis.PAL	Phenylalanine ammonia-lyase	0	0	0	0	0	0	3.44	3.53	5.31	2.39	4.2
Sotub03g022990	AT1G48410	AGO1,5,7,10	RBB_hvu_01948	2	Stabilizer of iron transporter SufD / Polynucleotidyl transferase	87	89	95	27.3.36	RNA.regulation of transcription.argonaute transcription factor family	ARGONAUTE 1	0	0	0	0	0	0	0	0	0	0	0
Sotub03g023780	AT3G48520	CYP94	RBB_hvu_07556	6	cytochrome P450%2C family 94%2C subfamily B%2C polypeptide 3	76	91	94	26.10	misc.cytochrome P450	Cytochrome P450 A	0	0	0	0	0	0	0	0	0	0	0
Sotub03g030600	AT1G80680	MOS	RBB_hvu_03546	1	SUPPRESSOR OF AUXIN RESISTANCE 3	74	93	97	29.3.1	protein.targeting.nucleus	Nucleoporin (Fragment)	0	0	0	0	-0.75	-2.04	-1.37	-1.65	-1.89	-1.73	-1.35
Sotub03g031420	AT5G47910	RBOHD	RBB_hvu_12545	3	respiratory burst oxidase homologue D	80	96	94	20.1.1	stress.biotic.respiratory burst	Respiratory burst oxidase-like protein	3.43	3.86	0	0	2.69	2.38	2.02	3.28	3.98	2.46	3.25
Sotub03g031420	AT5G47910	NADPH-oxidase	RBB_hvu_12545	3	respiratory burst oxidase homologue D	80	96	94	20.1.1	stress.biotic.respiratory burst	Respiratory burst oxidase-like protein	3.43	3.86	0	0	2.69	2.38	2.02	3.28	3.98	2.46	3.25
Sotub03g031990	AT3G17880	TDX	RBB_hvu_06673	2	tetraticopeptide domain-containing thioredoxin	75	96	94	21.1	redox.thioredoxin	Thioredoxin h	0	0	0	0	-1.29	-0.82	0	-1.25	-1.27	-1.01	0
Sotub03g034620	AT1G17420	LOX	RBB_hvu_00970	1	lipoxygenase 3	83	98	99	17.7.1.2	hormone metabolism.jasmonate.synthesis-degradation.lipoxygenase	Lipoxygenase	2.63	3.53	0	2.62	3.41	2.62	5.65	6.22	6.68	5.26	7.1
Sotub04g007630	AT2G01830	AHK2,3,4	RBB_hvu_03616	1	CHASE domain containing histidine kinase protein	79	87	95	17.4.2	hormone metabolism.cytokinin.signal transduction	Histidine kinase 2	-0.64	-0.63	0	-1.38	-1.9	-1.86	-1.76	-3.18	-3.01	-2.34	-2.33
Sotub04g016760	AT1G35670	CPK4,5,6,11	RBB_hvu_01800	3	calcium-dependent protein kinase 2	88	99	95	30.3	signalling.calcium	Calcium dependent protein kinase	0	0	0	0	-0.94	-0.81	0	0	0	0	0
Sotub04g016760	AT1G35670	CDPK	RBB_hvu_01800	3	calcium-dependent protein kinase 2	88	99	95	30.3	signalling.calcium	Calcium dependent protein kinase	0	0	0	0	-0.94	-0.81	0	0	0	0	0
Sotub04g016760	AT1G35670	CPK11	RBB_hvu_01800	3	calcium-dependent protein kinase 2	88	99	95	30.3	signalling.calcium	Calcium dependent protein kinase	0	0	0	0	-0.94	-0.81	0	0	0	0	0
Sotub04g016890	AT1G54490	EIN5	RBB_hvu_02218	1	exoribonuclease 4	80	86	83	27.1.19	RNA.processing.ribonucleases	5&apos-3&apos exoribonuclease 4	0.69	1.04	0	0	1.49	1.6	0	0	1.09	0	0
Sotub04g016930	AT1G08450	CRT3	RBB_hvu_00450	2	calreticulin 3	88	79	82	30.3	signalling.calcium	Calreticulin 2 calcium-binding protein	0	0	0	0	0	0	0	0	0	0	0
Sotub04g020700	AT4G39850	CTS	RBB_hvu_10408	1	peroxisomal ABC transporter 1	86	98	99	34.16	transport.ABC transporters and multidrug resistance systems	Uncharacterized ABC transporter ATP-binding protein sll0182	0	1.08	0	0	1.23	1.13	0	0	0	0	0
Sotub04g021940	AT2G22250	PA	RBB_hvu_04202	1	aspartate aminotransferase	88	86	85	13.1.1.2.1	amino acid metabolism.synthesis.central amino acid metabolism.aspartate.aspartate aminotransferase	Aspartate aminotransferase	3.4	3.77	0	0	2.62	1.37	1.35	1.56	2	1.82	1.79
Sotub04g030860	AT3G03990	D14	RBB_hvu_05859	2	alpha/beta-Hydrolases superfamily protein	90	98	98	26.3.5	misc.gluco-, galacto- and mannosidases.glycosyl hydrolase family 5	Hydrolase alpha/beta fold family protein expressed	2.94	3.41	0	0	0	0	0	0	1.59	1.99	1.51
Sotub04g032790	AT5G25900	KO	RBB_hvu_11827	2	GA requiring 3	80	72	87	17.6.1.3	hormone metabolism.gibberelin.synthesis-degradation.ent-kaurene oxidase	Cytochrome P450	0	1.23	0	0	0	0	0	0	0	0	0
Sotub04g032980	AT5G42650	AOS	RBB_hvu_12274	2	allene oxide synthase	82	95	93	17.7.1.3	hormone metabolism.jasmonate.synthesis-degradation.allene oxidase synthase	Allene oxide synthase	3	3.63	0	0	0	0	0	0	0	0	0
Sotub04g034220	AT1G75450	CKX	RBB_hvu_03219	1	cytokinin oxidase 5	83	94	96	17.4.1	hormone metabolism.cytokinin.synthesis-degradation	Cytokinin oxidase/dehydrogenase	2.99	3.87	0	0	0	0	0	0	0	0	0
Sotub04g034670	AT2G28305	LOG	RBB_hvu_04515	2	Putative lysine decarboxylase family protein	91	98	92	13.2.3.5.1	amino acid metabolism.degradation.aspartate family.lysine.lysine decarboxylase	Cytokinin riboside 5&apos;-monophosphate phosphoribohydrolase LOG	2.65	3.21	0	0	3.55	4.29	0	0	2.99	0	0
Sotub04g034950	AT4G24190	HSP90	RBB_hvu_09485	1	Chaperone protein htpG family protein	94	53	54	20.2.1	stress.abiotic.heat	Chaperone protein htpG	0	0	0	0	-1.81	-3.29	-1.81	-3.1	-3.76	-3.07	-3.21
Sotub04g035910	AT4G35090	CAT2	RBB_hvu_10141	3	catalase 2	95	100	100	21.6	redox.dismutases and catalases	Catalase	0	1.82	0	0	3.53	4.34	2.09	2.7	3.13	2.97	2.83
Sotub04g035910	AT4G35090	CAT	RBB_hvu_10141	3	catalase 2	95	100	100	21.6	redox.dismutases and catalases	Catalase	0	1.82	0	0	3.53	4.34	2.09	2.7	3.13	2.97	2.83
Sotub05g006510	AT2G04030	HSP90	RBB_hvu_03716	1	Chaperone protein htpG family protein	88	99	97	20.2.1	stress.abiotic.heat	Chaperone protein htpG	-1.58	-1.89	0	0	-1.24	-1.65	-1.14	-1.01	-1.6	-1.47	-1.49
Sotub05g007520	AT1G13260	ERF/EDF	RBB_hvu_00747	2	related to ABI3/VP1 1	70	92	79	27.3.3	RNA.regulation of transcription.AP2/EREBP, APETALA2/ethylene-responsive element binding protein family	Ethylene-responsive transcription factor 4	0	0	0	2.02	2.45	3.01	4.11	5.81	5.76	4.31	5.75
Sotub05g012020	AT1G10470	ARR-A	RBB_hvu_00595	1	response regulator 4	77	65	68	27.3.5	RNA.regulation of transcription.ARR	Two-component response regulator ARR3	0	-1.32	0	0	0	0	0	-1.96	-2.3	-1.35	-1.05
Sotub05g015260	AT1G67710	ARR-B	RBB_hvu_02765	1	response regulator 11	79	51	46	27.3.5	RNA.regulation of transcription.ARR	Response regulator 11	0	0	0	0	-2.18	-1.81	0	0	0	0	0
Sotub05g015810	AT1G67560	LOX	RBB_hvu_02753	2	PLAT/LH2 domain-containing lipoxygenase family protein	76	97	98	17.7.1.2	hormone metabolism.jasmonate.synthesis-degradation.lipoxygenase	Lipoxygenase	0	0	0	0	0	0	0	0	0	0	0
Sotub05g016490	AT1G27320	AHK2,3,4	RBB_hvu_01436	1	histidine kinase 3	79	97	98	17.4.2	hormone metabolism.cytokinin.signal transduction	Histidine kinase 3B	0.98	1.69	0	0	2.18	2.83	1.83	2.11	1.96	2.33	1.43
Sotub05g022560	AT2G46370	JAR	RBB_hvu_05576	5	Auxin-responsive GH3 family protein	84	75	99	17.2.3	hormone metabolism.auxin.induced-regulated-responsive-activated	Indole-3-acetic acid-amido synthetase GH3.8	1.68	2.01	0	0	0	0	0	0	0	0	0
Sotub05g023530	AT3G23240	ERF1	RBB_hvu_06992	6	ethylene response factor 1	74	55	53	17.5.2	hormone metabolism.ethylene.signal transduction	Ethylene-responsive transcription factor 1A	7.3	8.71	0	0	3.25	4	0	3.38	3.3	2.95	3.28
Sotub05g023530	AT3G23240	ERF/EDF	RBB_hvu_06992	6	ethylene response factor 1	74	55	53	17.5.2	hormone metabolism.ethylene.signal transduction	Ethylene-responsive transcription factor 1A	7.3	8.71	0	0	3.25	4	0	3.38	3.3	2.95	3.28
Sotub05g025280	AT2G39940	COI1	RBB_hvu_05184	1	RNI-like superfamily protein	82	97	95	29.5.11.4.3.2	protein.degradation.ubiquitin.E3.SCF.FBOX	Auxin signaling F-box 1 (Fragment)	0	0.43	0	0	0	0	0	0	0	0	0
Sotub05g028140	AT3G04580	ETR	RBB_hvu_05885	3	Signal transduction histidine kinase%2C hybrid-type%2C ethylene sensor	76	96	96	17.5.2	hormone metabolism.ethylene.signal transduction	Ethylene receptor	1.43	1.58	0	0	1.32	1.26	0.97	1.19	1.15	0	1.78
Sotub05g029380	AT3G53260	PAL	RBB_hvu_07822	4	phenylalanine ammonia-lyase 2	90	96	97	16.2.1.1	secondary metabolism.phenylpropanoids.lignin biosynthesis.PAL	Phenylalanine ammonia-lyase	2.25	2.96	0	0	0	0	0	0	0	0	0
Sotub05g029430	AT1G08450	CRT3	RBB_hvu_00450	2	calreticulin 3	90	79	78	30.3	signalling.calcium	Calreticulin 2 calcium-binding protein	0	-0.76	0	0	-2.33	-2.35	-0.89	-1.17	-1.95	-1.38	-1.59
Sotub05g029790	AT1G35670	CPK11	RBB_hvu_01800	3	calcium-dependent protein kinase 2	89	96	94	30.3	signalling.calcium	Calcium dependent protein kinase	0	0	0	0	0	0	-1.52	-1.81	-1.25	-1.09	-1.47
Sotub05g029790	AT1G35670	CDPK	RBB_hvu_01800	3	calcium-dependent protein kinase 2	89	96	94	30.3	signalling.calcium	Calcium dependent protein kinase	0	0	0	0	0	0	-1.52	-1.81	-1.25	-1.09	-1.47
Sotub05g029790	AT1G35670	CPK4,5,6,11	RBB_hvu_01800	3	calcium-dependent protein kinase 2	89	96	94	30.3	signalling.calcium	Calcium dependent protein kinase	0	0	0	0	0	0	-1.52	-1.81	-1.25	-1.09	-1.47
Sotub06g005020	AT1G07530	SCL14	RBB_hvu_00392	1	SCARECROW-like 14	76	39	97	27.3.21	RNA.regulation of transcription.GRAS transcription factor family	GRAS family transcription factor	4.14	5.07	0	0	0	0	0	0	0	0	0
Sotub06g007440	AT2G47730	GST	RBB_hvu_05649	1	glutathione S-transferase phi 8	76	80	98	26.9	misc.glutathione S transferases	Glutathione S-transferase	1.8	1.77	0	0	0	0	0	0	0	0	0
Sotub06g007450	AT1G02920	GST	RBB_hvu_00109	2	glutathione S-transferase 7	75	99	97	26.9	misc.glutathione S transferases	Glutathione S-transferase	5.71	6.35	0	0	0	0	0	0	0	0	0
Sotub06g008680	AT3G63010	GID1	RBB_hvu_08342	2	alpha/beta-Hydrolases superfamily protein	87	96	99	17.6.2	hormone metabolism.gibberelin.signal transduction	GID1-like gibberellin receptor	1.69	2.23	0	0	1.43	2.26	1.02	1.21	1.36	1.69	1.29
Sotub06g012010	AT5G52640	HSP90	RBB_hvu_12824	3	heat shock-like protein	84	78	97	20.2.1	stress.abiotic.heat	Heat shock protein 90 (Fragment)	0	0	0	0	0	0	0	0	0	0	3.41
Sotub06g017120	AT3G04580	ETR	RBB_hvu_05885	3	Signal transduction histidine kinase%2C hybrid-type%2C ethylene sensor	72	96	96	17.5.2	hormone metabolism.ethylene.signal transduction	Ethylene receptor	1.18	1.03	0	0	1.06	0.87	0	0	0	0	0
Sotub06g021970	AT3G42830	RBX	RBB_hvu_07347	2	RING/U-box superfamily protein	97	77	74	29.5.11.4.2	protein.degradation.ubiquitin.E3.RING	RING-box protein	0.57	0	0	0	0	0	0	0	0	0	0
Sotub06g028680	AT1G48410	AGO1,5,7,10	RBB_hvu_01948	2	Stabilizer of iron transporter SufD / Polynucleotidyl transferase	89	89	89	27.3.36	RNA.regulation of transcription.argonaute transcription factor family	ARGONAUTE 1	0	0	0.98	0.82	1.54	0.96	0	0	0	0	0
Sotub06g030440	AT3G20770	EIN3(like)	RBB_hvu_06857	4	Ethylene insensitive 3 family protein	77	83	86	27.3.19	RNA.regulation of transcription.EIN3-like (EIL) transcription factor family	Ethylene insensitive 3 class transcription factor	0	0.69	0	0	1.07	0.54	0.95	0	0	0.9	1.29
Sotub06g030440	AT3G20770	EIN3	RBB_hvu_06857	4	Ethylene insensitive 3 family protein	77	83	86	27.3.19	RNA.regulation of transcription.EIN3-like (EIL) transcription factor family	Ethylene insensitive 3 class transcription factor	0	0.69	0	0	1.07	0.54	0.95	0	0	0.9	1.29
Sotub06g030450	AT3G20770	EIN3	RBB_hvu_06857	4	Ethylene insensitive 3 family protein	76	83	84	27.3.19	RNA.regulation of transcription.EIN3-like (EIL) transcription factor family	Ethylene insensitive 3 class transcription factor	0	0	0	0	0.77	0.7	0	1.09	0.82	0.9	0.88
Sotub06g030450	AT3G20770	EIN3(like)	RBB_hvu_06857	4	Ethylene insensitive 3 family protein	76	83	84	27.3.19	RNA.regulation of transcription.EIN3-like (EIL) transcription factor family	Ethylene insensitive 3 class transcription factor	0	0	0	0	0.77	0.7	0	1.09	0.82	0.9	0.88
Sotub06g031090	AT1G08250	ADT	RBB_hvu_00437	2	arogenate dehydratase 6	88	86	82	13.1.6.3.1	amino acid metabolism.synthesis.aromatic aa.phenylalanine.arogenate dehydratase / prephenate dehydratase	Prephenate dehydratase	2.87	3.13	0	0	0	0	1.41	1.54	2.39	1.31	1.69
Sotub06g031170	AT2G27690	CYP94	RBB_hvu_04478	4	cytochrome P450%2C family 94%2C subfamily C%2C polypeptide 1	75	93	94	26.10	misc.cytochrome P450	Cytochrome P450	0	0	2.55	2.34	4.25	3.05	0	3.42	3.52	3.04	3.15
Sotub06g034420	AT4G16430	JAM	RBB_hvu_09067	1	basic helix-loop-helix (bHLH) DNA-binding superfamily protein	71	98	96	27.3.6	RNA.regulation of transcription.basic helix-loop-helix family (bHLH)	BHLH transcription factor	1.6	1.49	0	0	0.63	0.48	0	0	1.17	0	0
Sotub06g034910	AT3G21510	AHP1,2,3,4,5	RBB_hvu_06898	3	histidine-containing phosphotransmitter 1	84	72	89	30.10	signalling.phosphorelay	Histidine phosphotransfer protein	0.83	0.7	0	0	0	0	0	0	0	0	0
Sotub06g035020	AT4G02570	CUL	RBB_hvu_08520	20	cullin 1	92	100	99	29.5.11.4.3.3	protein.degradation.ubiquitin.E3.SCF.cullin	Ubiquitin-protein ligase Cullin 4	0	0.58	0	0	0.88	0.47	0	0	0	0	0
Sotub07g008210	AT2G25490	EBF	RBB_hvu_04344	4	EIN3-binding F box protein 1	72	99	97	29.5.11.4.3.2	protein.degradation.ubiquitin.E3.SCF.FBOX	SCF E3 ubiquitin ligase complex F-box protein grrA	0.73	0.88	0	0	0	0	0	0	0	0	0
Sotub07g010670	AT5G05680	MOS	RBB_hvu_10699	5	nuclear pore complex protein-like protein	77	20	91	29.3.1	protein.targeting.nucleus	Nuclear pore complex protein-related protein (Fragment)	0	0	1.03	1.33	0.83	0.56	0	0	0	0	0
Sotub07g010680	AT5G05680	MOS	RBB_hvu_10699	5	nuclear pore complex protein-like protein	72	38	96	29.3.1	protein.targeting.nucleus	Genomic DNA chromosome 5 P1 clone MJJ3	-0.67	0	0	0	1.21	-0.07	0	0	1.15	0	0
Sotub07g011600	AT1G64280	NPR1	RBB_hvu_02595	1	regulatory protein (NPR1)	71	91	93	27.3.61	RNA.regulation of transcription.NPR1/NIM1	NPR1 protein (Fragment)	1.08	1.51	0	0	0	0	0	0	0	0	0
Sotub07g011920	AT4G29010	MFP	RBB_hvu_09770	5	Enoyl-CoA hydratase/isomerase family	88	98	98	11.9.4.9	lipid metabolism.lipid degradation.beta-oxidation.multifunctional	Fatty acid oxidation complex subunit alpha 1	0.98	1.21	0	0	0	0	0	0	0	0	0
Sotub07g013910	AT2G19590	ACO	RBB_hvu_04063	1	ACC oxidase 1	83	97	99	17.5.1.2	hormone metabolism.ethylene.synthesis-degradation.1-aminocyclopropane-1-carboxylate oxidase	1-aminocyclopropane-1-carboxylate oxidase	0	0	4.07	5.29	0	0	0	2.7	2.37	1.86	3.03
Sotub07g017930	AT3G07770	HSP90	RBB_hvu_06095	1	HEAT SHOCK PROTEIN 89.1	87	97	97	20.2.1	stress.abiotic.heat	Chaperone protein htpG	-0.98	-0.7	0	0	-1.95	-2.25	-1.88	-1.9	-2.54	-2.51	-2.62
Sotub07g018790	AT1G05010	ACO	RBB_hvu_00244	5	ethylene-forming enzyme	88	98	100	17.5.1.2	hormone metabolism.ethylene.synthesis-degradation.1-aminocyclopropane-1-carboxylate oxidase	1-aminocyclopropane-1-carboxylate oxidase	3.53	4.05	2.52	3.4	8.27	6.96	0	7.47	8.97	6.78	7.68
Sotub07g018820	AT1G05010	ACO	RBB_hvu_00244	5	ethylene-forming enzyme	89	98	99	17.5.1.2	hormone metabolism.ethylene.synthesis-degradation.1-aminocyclopropane-1-carboxylate oxidase	1-aminocyclopropane-1-carboxylate oxidase	3.77	3.83	0	0	5.82	4.83	3.5	4.96	6.11	4.58	4.84
Sotub07g021700	AT1G28480	GRX480	RBB_hvu_01500	3	Thioredoxin superfamily protein	78	83	75	21.4	redox.glutaredoxins	Glutaredoxin	4.03	5.09	2.01	2.92	3.35	3.47	2.71	4.48	4.05	3.48	4.42
Sotub07g024210	AT3G15290	MFP	RBB_hvu_06535	1	3-hydroxyacyl-CoA dehydrogenase family protein	87	100	99	24.3	biodegradation of xenobiotics.3-hydroxybutyryl-CoA dehydrogenase	Fatty acid oxidation complex subunit alpha	0.77	0.97	0	0	0	0	0	0	0	0	0
Sotub07g025590	AT1G30040	C19-GA2ox	RBB_hvu_01566	5	gibberellin 2-oxidase	75	96	97	17.6.1.13	hormone metabolism.gibberelin.synthesis-degradation.GA2 oxidase	Gibberellin 2-oxidase	0	0	0	0	0	0	0	0	0	0	0
Sotub07g025600	AT1G30040	C19-GA2ox	RBB_hvu_01566	5	gibberellin 2-oxidase	73	96	99	17.6.1.13	hormone metabolism.gibberelin.synthesis-degradation.GA2 oxidase	Gibberellin 2-oxidase	0	4.37	4.2	5.38	6.11	5.35	0	0	0	0	0
Sotub07g025610	AT1G30040	C19-GA2ox	RBB_hvu_01566	5	gibberellin 2-oxidase	75	89	93	17.6.1.13	hormone metabolism.gibberelin.synthesis-degradation.GA2 oxidase	Gibberellin 2-oxidase 2	0	0	0	0	8.99	5.3	0	0	0	0	8.75
Sotub07g025670	AT1G66340	ETR	RBB_hvu_02697	3	Signal transduction histidine kinase%2C hybrid-type%2C ethylene sensor	89	99	99	17.5.2	hormone metabolism.ethylene.signal transduction	Ethylene receptor	0	0	0	0	0	0	0	0	0	0	0
Sotub07g025670	AT1G66340	ETR1	RBB_hvu_02697	3	Signal transduction histidine kinase%2C hybrid-type%2C ethylene sensor	89	99	99	17.5.2	hormone metabolism.ethylene.signal transduction	Ethylene receptor	0	0	0	0	0	0	0	0	0	0	0
Sotub07g027990	AT5G56000	HSP90	RBB_hvu_13018	3	HEAT SHOCK PROTEIN 81.4	98	100	100	20.2.1	stress.abiotic.heat	Heat shock protein 90	0	-0.95	0.99	0.69	0	0	0	0	-1	-0.69	0
Sotub08g005000	AT5G47220	ERF/EDF	RBB_hvu_12496	1	ethylene responsive element binding factor 2	79	46	56	17.5.2	hormone metabolism.ethylene.signal transduction	Ethylene responsive transcription factor 1a	0	0	0	0	0	0	0	0	0	0	0
Sotub08g009730	AT4G11280	ACS	RBB_hvu_08790	3	1-aminocyclopropane-1-carboxylic acid (acc) synthase 6	82	86	87	17.5.1.1	hormone metabolism.ethylene.synthesis-degradation.1-aminocyclopropane-1-carboxylate synthase	1-aminocyclopropane-1-carboxylate synthase	2.75	3.11	0	0	2.34	1.98	0	3.67	3.26	2.59	0
Sotub08g009730	AT4G11280	ACS6	RBB_hvu_08790	3	1-aminocyclopropane-1-carboxylic acid (acc) synthase 6	82	86	87	17.5.1.1	hormone metabolism.ethylene.synthesis-degradation.1-aminocyclopropane-1-carboxylate synthase	1-aminocyclopropane-1-carboxylate synthase	2.75	3.11	0	0	2.34	1.98	0	3.67	3.26	2.59	0
Sotub08g010260	AT2G43790	MPK6	RBB_hvu_05404	1	MAP kinase 6	91	99	99	29.4	protein.postranslational modification	Mitogen-activated protein kinase	0	1.39	0	0	1.17	1.18	0	0	0	0	0
Sotub08g010690	AT1G55020	LOX	RBB_hvu_02246	16	lipoxygenase 1	81	96	96	17.7.1.2	hormone metabolism.jasmonate.synthesis-degradation.lipoxygenase	Lipoxygenase	0	0	0	0	0	0	0	0	-2.17	0	-2.74
Sotub08g010730	AT1G55020	LOX	RBB_hvu_02246	16	lipoxygenase 1	82	79	99	17.7.1.2	hormone metabolism.jasmonate.synthesis-degradation.lipoxygenase	Lipoxygenase	0	0	0	0	0	0	0	0	0	0	-2.54
Sotub08g011220	AT1G55020	LOX	RBB_hvu_02246	16	lipoxygenase 1	83	96	96	17.7.1.2	hormone metabolism.jasmonate.synthesis-degradation.lipoxygenase	Lipoxygenase	14.58	15.16	0	0	9.51	9.75	0	0	0	0	0
Sotub08g012300	AT2G25490	EBF	RBB_hvu_04344	4	EIN3-binding F box protein 1	74	100	94	29.5.11.4.3.2	protein.degradation.ubiquitin.E3.SCF.FBOX	Ubiquitin ligase complex F-box protein GRR1	0	0.98	0	0	0	0	0	0	0	0	0
Sotub08g012670	AT2G26170	MAX1	RBB_hvu_04383	2	cytochrome P450%2C family 711%2C subfamily A%2C polypeptide 1	87	93	94	26.10	misc.cytochrome P450	Cytochrome P450	0	0	0	0	0	0	0	0	0	0	0
Sotub08g012830	AT5G11950	LOG	RBB_hvu_11030	2	Putative lysine decarboxylase family protein	92	99	100	13.2.3.5.1	amino acid metabolism.degradation.aspartate family.lysine.lysine decarboxylase	Cytokinin riboside 5&apos;-monophosphate phosphoribohydrolase LOG	-0.74	-1.11	0	0	0	0	0	0	0	0	0
Sotub08g013210	AT2G43820	SAGT	RBB_hvu_05406	1	UDP-glucosyltransferase 74F2	75	98	95	26.2	misc.UDP glucosyl and glucoronyl transferases	UDP-glucose glucosyltransferase	2.29	3.91	0	0	0	0	0	0	10.19	9.73	0
Sotub08g024120	AT4G16760	ACX	RBB_hvu_09091	2	acyl-CoA oxidase 1	91	100	100	11.9.4.2	lipid metabolism.lipid degradation.beta-oxidation.acyl CoA DH	Acyl-coenzyme A oxidase	0.91	1.8	0	0	1.22	1.25	0	0	0.83	0.82	0
Sotub08g025380	AT1G12520	SOD	RBB_hvu_00712	1	copper chaperone for SOD1	83	75	77	15.2	metal handling.binding, chelation and storage	Cu/Zn-superoxide dismutase copper chaperone	-0.78	-0.88	0	0	-1	-0.97	0	0	-1.48	0	-1.23
Sotub08g028870	AT4G11280	ACS6	RBB_hvu_08790	3	1-aminocyclopropane-1-carboxylic acid (acc) synthase 6	81	87	89	17.5.1.1	hormone metabolism.ethylene.synthesis-degradation.1-aminocyclopropane-1-carboxylate synthase	1-aminocyclopropane-1-carboxylate synthase	0	0	0	0	0	0	0	0	0	0	0
Sotub08g028870	AT4G11280	ACS	RBB_hvu_08790	3	1-aminocyclopropane-1-carboxylic acid (acc) synthase 6	81	87	89	17.5.1.1	hormone metabolism.ethylene.synthesis-degradation.1-aminocyclopropane-1-carboxylate synthase	1-aminocyclopropane-1-carboxylate synthase	0	0	0	0	0	0	0	0	0	0	0
Sotub08g028890	AT4G11280	ACS6	RBB_hvu_08790	3	1-aminocyclopropane-1-carboxylic acid (acc) synthase 6	78	94	96	17.5.1.1	hormone metabolism.ethylene.synthesis-degradation.1-aminocyclopropane-1-carboxylate synthase	1-aminocyclopropane-1-carboxylate synthase	0	0	0	0	0	0	0	0	0	0	0
Sotub08g028890	AT4G11280	ACS	RBB_hvu_08790	3	1-aminocyclopropane-1-carboxylic acid (acc) synthase 6	78	94	96	17.5.1.1	hormone metabolism.ethylene.synthesis-degradation.1-aminocyclopropane-1-carboxylate synthase	1-aminocyclopropane-1-carboxylate synthase	0	0	0	0	0	0	0	0	0	0	0
Sotub08g028940	AT4G01370	MPK4	RBB_hvu_08459	3	MAP kinase 4	93	94	93	29.4	protein.postranslational modification	Mitogen-activated protein kinase	0	0.88	0	0	0	0	0	0	0	0	0.94
Sotub09g005400	AT3G08910	CPIP2a	RBB_hvu_06146	1	DNAJ heat shock family protein	84	99	94	20.2.1	stress.abiotic.heat	Chaperone protein dnaJ	0	0.39	0	0	-0.84	-0.36	0	0	0	0	0
Sotub09g006730	AT3G09640	APX	RBB_hvu_06188	1	ascorbate peroxidase 2	92	99	99	21.2.1	redox.ascorbate and glutathione.ascorbate	Ascorbate peroxidase	0	-2.11	0	0	0	0	0	0	0	0	0
Sotub09g007450	AT2G37040	PAL	RBB_hvu_04994	8	PHE ammonia lyase 1	92	96	97	16.2.1.1	secondary metabolism.phenylpropanoids.lignin biosynthesis.PAL	Phenylalanine ammonia-lyase	1.66	0	0	0	2.43	0.7	2.33	0	2.01	0	2.21
Sotub09g007460	AT2G37040	PAL	RBB_hvu_04994	8	PHE ammonia lyase 1	92	96	97	16.2.1.1	secondary metabolism.phenylpropanoids.lignin biosynthesis.PAL	Phenylalanine ammonia-lyase	1.67	1.73	0	0	2.2	1.18	2.26	2.12	3.04	1.62	3.12
Sotub09g007480	AT5G03300	ADK	RBB_hvu_10553	2	adenosine kinase 2	94	98	99	23.3.2.1	nucleotide metabolism.salvage.nucleoside kinases.adenosine kinase	Adenosine kinase	-1.42	-2.15	0	0	-4.98	-8.13	-6.68	-4.2	-7.12	-7.17	-5.72
Sotub09g007810	AT2G36880	SAMS	RBB_hvu_04979	2	methionine adenosyltransferase 3	97	100	92	13.1.3.4.11	amino acid metabolism.synthesis.aspartate family.methionine.S-adenosylmethionine synthetase	S-adenosylmethionine synthase	0	0	0	0	0	0	0	-1.57	-1.44	-1.51	0
Sotub09g007810	AT2G36880	SAM3	RBB_hvu_04979	2	methionine adenosyltransferase 3	97	100	92	13.1.3.4.11	amino acid metabolism.synthesis.aspartate family.methionine.S-adenosylmethionine synthetase	S-adenosylmethionine synthase	0	0	0	0	0	0	0	-1.57	-1.44	-1.51	0
Sotub09g011220	AT5G03730	CTR	RBB_hvu_10578	3	Protein kinase superfamily protein	74	98	96	29.4	protein.postranslational modification	Protein kinase	0.86	1.65	0	0	0.94	1.19	0	0	1.15	1.1	0.85
Sotub09g015620	AT5G43940	GSNO	RBB_hvu_12349	1	GroES-like zinc-binding dehydrogenase family protein	90	95	97	5.3	fermentation.ADH	Alcohol dehydrogenase	0	-0.57	0	0	-0.67	-0.84	0	0	-0.92	-0.95	-0.94
Sotub09g016300	AT5G48370	ACH	RBB_hvu_12569	1	Thioesterase/thiol ester dehydrase-isomerase superfamily protein	85	97	99	35.1	not assigned.no ontology	Acyl-CoA thioesterase 9	0	0.6	0	0	0	0	0	0	0	0	0
Sotub09g018750	AT2G33150	KAT	RBB_hvu_04764	2	peroxisomal 3-ketoacyl-CoA thiolase 3	88	99	100	13.2.4	amino acid metabolism.degradation.branched chain group	3-ketoacyl CoA thiolase 1	0	0.99	0	0	0	0	0	0	0	0	0
Sotub09g019890	AT3G63130	RANGAP	RBB_hvu_08349	1	RAN GTPase activating protein 1	83	90	90	30.5	signalling.G-proteins	Ran GTPase-activating protein 1	-1.09	-1.78	0	0	-1.82	-2.52	-1.89	-3.05	-3.27	-2.13	-3.06
Sotub09g021750	AT3G63010	GID1	RBB_hvu_08342	2	alpha/beta-Hydrolases superfamily protein	89	96	99	17.6.2	hormone metabolism.gibberelin.signal transduction	GID1-like gibberellin receptor	1.86	2.1	0	0	0	0	0	0	0	0	0
Sotub09g022260	AT1G02920	GST	RBB_hvu_00109	2	glutathione S-transferase 7	73	92	96	26.9	misc.glutathione S transferases	Glutathione S-transferase	0	0	0	0	1.98	2.15	2.48	3.56	4.35	4.34	3.69
Sotub09g022430	AT4G02570	CUL	RBB_hvu_08520	20	cullin 1	91	100	99	29.5.11.4.3.3	protein.degradation.ubiquitin.E3.SCF.cullin	Ubiquitin-protein ligase Cullin 4	0	0.52	0	0	-0.61	-0.53	0	0	0	0	-1.15
Sotub09g022980	AT2G40940	ETR	RBB_hvu_05252	1	ethylene response sensor 1	84	97	93	17.5.2	hormone metabolism.ethylene.signal transduction	Ethylene receptor	0	-0.68	0	0	0	0	0	0	0	0	0
Sotub09g023410	AT3G22400	LOX	RBB_hvu_06940	5	PLAT/LH2 domain-containing lipoxygenase family protein	82	96	96	17.7.1.2	hormone metabolism.jasmonate.synthesis-degradation.lipoxygenase	Lipoxygenase	0	0	0	0	2.42	2.49	1.37	1.91	2.3	1.99	2.06
Sotub09g026020	AT3G23240	ERF1	RBB_hvu_06992	6	ethylene response factor 1	71	78	70	17.5.2	hormone metabolism.ethylene.signal transduction	Ethylene-responsive transcription factor 1A	4.26	4.99	0	0	0	0	0	0	0	0	0
Sotub09g026020	AT3G23240	ERF/EDF	RBB_hvu_06992	6	ethylene response factor 1	71	78	70	17.5.2	hormone metabolism.ethylene.signal transduction	Ethylene-responsive transcription factor 1A	4.26	4.99	0	0	0	0	0	0	0	0	0
Sotub09g027790	AT2G33150	KAT	RBB_hvu_04764	2	peroxisomal 3-ketoacyl-CoA thiolase 3	94	99	99	13.2.4	amino acid metabolism.degradation.branched chain group	3-ketoacyl CoA thiolase 2	2.75	3.73	0	0	1.86	3.12	1.93	1.92	2.47	2.51	2.03
Sotub10g005730	AT5G56000	HSP90	RBB_hvu_13018	3	HEAT SHOCK PROTEIN 81.4	98	100	100	20.2.1	stress.abiotic.heat	Heat shock protein 90-2	0	-1.1	0	0	0	0	0	0	0	0	0
Sotub10g008540	AT1G06290	ACX3	RBB_hvu_00326	3	acyl-CoA oxidase 3	90	95	94	11.9.4.2	lipid metabolism.lipid degradation.beta-oxidation.acyl CoA DH	Acyl-CoA oxidase 6	2.25	2.96	0	0	1.87	2.91	1.65	1.76	2.33	2.07	1.77
Sotub10g008540	AT1G06290	ACX	RBB_hvu_00326	3	acyl-CoA oxidase 3	90	95	94	11.9.4.2	lipid metabolism.lipid degradation.beta-oxidation.acyl CoA DH	Acyl-CoA oxidase 6	2.25	2.96	0	0	1.87	2.91	1.65	1.76	2.33	2.07	1.77
Sotub10g008610	AT1G06290	ACX3	RBB_hvu_00326	3	acyl-CoA oxidase 3	89	51	62	11.9.4.2	lipid metabolism.lipid degradation.beta-oxidation.acyl CoA DH	Acyl-CoA oxidase 6	2.2	2.93	0	0	2.56	3.78	0	0	0	0	0
Sotub10g008610	AT1G06290	ACX	RBB_hvu_00326	3	acyl-CoA oxidase 3	89	51	62	11.9.4.2	lipid metabolism.lipid degradation.beta-oxidation.acyl CoA DH	Acyl-CoA oxidase 6	2.2	2.93	0	0	2.56	3.78	0	0	0	0	0
Sotub10g008640	AT1G28480	GRX480	RBB_hvu_01500	3	Thioredoxin superfamily protein	73	78	90	21.4	redox.glutaredoxins	Glutaredoxin	0	0	0	0	0	0	0	0	0	0	0
Sotub10g008790	AT4G28220	NADPH-dehydrogenase	RBB_hvu_09728	2	NAD(P)H dehydrogenase B1	85	91	90	9.2.2	mitochondrial electron transport / ATP synthesis.NADH-DH (type II).external	NADH dehydrogenase	0	-0.6	0	0	0	0	0	0	0	0	0
Sotub10g010100	AT2G37040	PAL	RBB_hvu_04994	8	PHE ammonia lyase 1	90	97	99	16.2.1.1	secondary metabolism.phenylpropanoids.lignin biosynthesis.PAL	Phenylalanine ammonia-lyase	3.11	3.73	0	0	0	0	1.7	0	1.89	2.64	2.01
Sotub10g016280	AT4G00660	RH8	RBB_hvu_08423	4	RNAhelicase-like 8	86	82	90	28.1	DNA.synthesis/chromatin structure	ATP-dependent RNA Helicase	0	0.51	0	-1.12	0	0	-1.12	-0.92	0	0	0
Sotub10g017440	AT2G17290	CPK4,5,6,11	RBB_hvu_03949	2	Calcium-dependent protein kinase family protein	91	100	97	30.3	signalling.calcium	Calcium-dependent protein kinase	1.95	2.53	0	0	1.79	1.36	0	0	1.1	0.66	0.76
Sotub10g017440	AT2G17290	CDPK	RBB_hvu_03949	2	Calcium-dependent protein kinase family protein	91	100	97	30.3	signalling.calcium	Calcium-dependent protein kinase	1.95	2.53	0	0	1.79	1.36	0	0	1.1	0.66	0.76
Sotub10g018180	AT4G20780	CAM	RBB_hvu_09302	1	calmodulin like 42	81	84	81	30.3	signalling.calcium	Calmodulin-like protein	0	1.35	0	0	0	0	0	1.08	1.57	0	1.54
Sotub10g018180	AT4G20780	CML42	RBB_hvu_09302	1	calmodulin like 42	81	84	81	30.3	signalling.calcium	Calmodulin-like protein	0	1.35	0	0	0	0	0	1.08	1.57	0	1.54
Sotub10g018960	AT3G12500	PR3	RBB_hvu_06353	10	basic chitinase	74	57	98	20.1.7.3	stress.biotic.PR-proteins.PR3/4/8/11 (chitinases and chitin binding proteins)	Endochitinase (Chitinase)	0	0	0	0	0	0	0	0	0	0	0
Sotub10g019240	AT5G42190	ASK	RBB_hvu_12246	6	E3 ubiquitin ligase SCF complex subunit SKP1/ASK1 family protein	78	87	98	29.5.11.4.3.1	protein.degradation.ubiquitin.E3.SCF.SKP	SKP1-like protein 3	1.06	0.98	0.83	0	0.99	0.41	0.79	0	0	0	0.73
Sotub10g019250	AT5G42190	ASK	RBB_hvu_12246	6	E3 ubiquitin ligase SCF complex subunit SKP1/ASK1 family protein	82	87	98	29.5.11.4.3.1	protein.degradation.ubiquitin.E3.SCF.SKP	S-phase kinase associated protein 1-like protein	0.95	0.76	1.02	0.77	1.3	0.66	0.94	0	0.65	0.71	0.99
Sotub10g021330	AT3G57040	ARR-A	RBB_hvu_08042	3	response regulator 9	72	94	97	27.3.5	RNA.regulation of transcription.ARR	Two-component response regulator ARR3	-1.41	-2.31	-1.93	-1.82	0	0	0	0	0	0	0
Sotub10g021430	AT3G57040	ARR-A	RBB_hvu_08042	3	response regulator 9	71	95	98	27.3.5	RNA.regulation of transcription.ARR	Two-component response regulator ARR3	-2.49	-4.32	0	0	0	0	-2.09	-1.14	-1.57	-2.42	-1.31
Sotub10g022550	AT5G06950	TGA2,5,6	RBB_hvu_10773	6	bZIP transcription factor family protein	87	86	64	27.3.35	RNA.regulation of transcription.bZIP transcription factor family	BZIP transcription factor	3.58	4.3	0	0.92	3.14	3.09	2.26	2.85	3.62	2.79	2.86
Sotub10g022560	AT5G06950	TGA2,5,6	RBB_hvu_10773	6	bZIP transcription factor family protein	81	63	76	27.3.35	RNA.regulation of transcription.bZIP transcription factor family	BZIP transcription factor	1.86	1.88	0	0	2.33	2.69	0	3.95	4.12	2.74	2.99
Sotub10g022900	AT5G03730	CTR	RBB_hvu_10578	3	Protein kinase superfamily protein	75	79	82	29.4	protein.postranslational modification	Protein kinase	0	0.66	0	0	1.13	0.8	0	0	0	0	0
Sotub10g025090	AT2G36880	SAMS	RBB_hvu_04979	2	methionine adenosyltransferase 3	96	100	100	13.1.3.4.11	amino acid metabolism.synthesis.aspartate family.methionine.S-adenosylmethionine synthetase	S-adenosylmethionine synthase	0	0	0	0	0	0	0	0	0	-2	-1.47
Sotub10g025090	AT2G36880	SAM3	RBB_hvu_04979	2	methionine adenosyltransferase 3	96	100	100	13.1.3.4.11	amino acid metabolism.synthesis.aspartate family.methionine.S-adenosylmethionine synthetase	S-adenosylmethionine synthase	0	0	0	0	0	0	0	0	0	-2	-1.47
Sotub10g025360	AT3G10050	OMR1	RBB_hvu_06209	4	L-O-methylthreonine resistant 1	87	89	86	13.1.4.5.1	amino acid metabolism.synthesis.branched chain group.isoleucine specific.threonine ammonia-lyase	Threonine dehydratase biosynthetic	0	-0.86	1.21	0.92	0	0	0	0	0	-0.66	0
Sotub10g025550	AT5G03730	CTR	RBB_hvu_10578	3	Protein kinase superfamily protein	76	80	80	29.4	protein.postranslational modification	Protein kinase	0	1.44	0	0	1.9	1.62	0	1.41	1.79	0	1.14
Sotub11g005050	AT5G04870	CDPK	RBB_hvu_10647	3	calcium dependent protein kinase 1	82	93	98	30.3	signalling.calcium	Calcium-dependent protein kinase 3	0.7	1.07	0	0	0	0	0	0	0	-1.32	0
Sotub11g005050	AT5G04870	CPK1	RBB_hvu_10647	3	calcium dependent protein kinase 1	82	93	98	30.3	signalling.calcium	Calcium-dependent protein kinase 3	0.7	1.07	0	0	0	0	0	0	0	-1.32	0
Sotub11g005240	AT3G04580	ETR	RBB_hvu_05885	3	Signal transduction histidine kinase%2C hybrid-type%2C ethylene sensor	78	96	95	17.5.2	hormone metabolism.ethylene.signal transduction	Ethylene receptor	0	0	0	0	0	0	0	0	0	0	0
Sotub11g008520	AT1G14920	DELLA	RBB_hvu_00840	2	GRAS family transcription factor family protein	73	93	84	27.3.21	RNA.regulation of transcription.GRAS transcription factor family	GAI-like protein 1 (Fragment)	0	-0.91	0	-1.35	-1.25	-0.19	-0.88	0	-0.94	0	0
Sotub11g013610	AT5G10870	CM	RBB_hvu_10965	1	chorismate mutase 2	73	95	99	13.1.6.2.1	amino acid metabolism.synthesis.aromatic aa.phenylalanine and tyrosine.chorismate mutase	Chorismate mutase 2	0	1.45	0	0	0	0	0	0	2.79	0	0
Sotub11g014830	AT1G35670	CPK4,5,6,11	RBB_hvu_01800	3	calcium-dependent protein kinase 2	89	96	94	30.3	signalling.calcium	Calcium-dependent protein kinase 4	0	2.04	0	0	1.98	1.94	0	0	0	0	0
Sotub11g014830	AT1G35670	CPK11	RBB_hvu_01800	3	calcium-dependent protein kinase 2	89	96	94	30.3	signalling.calcium	Calcium-dependent protein kinase 4	0	2.04	0	0	1.98	1.94	0	0	0	0	0
Sotub11g014830	AT1G35670	CDPK	RBB_hvu_01800	3	calcium-dependent protein kinase 2	89	96	94	30.3	signalling.calcium	Calcium-dependent protein kinase 4	0	2.04	0	0	1.98	1.94	0	0	0	0	0
Sotub11g016230	AT1G63440	HMA	RBB_hvu_02554	4	heavy metal atpase 5	73	27	96	34.12	transport.metal	Copper transporting ATPase 1	0	0.74	0	0	0	0	0	0	0	0	0
Sotub11g016240	AT1G63440	HMA	RBB_hvu_02554	4	heavy metal atpase 5	74	65	93	34.12	transport.metal	Copper transporting ATPase 1	0	0.83	0	0	0	0	0	0	0	1.12	0
Sotub11g017730	AT1G76690	OPR	RBB_hvu_03297	9	12-oxophytodienoate reductase 2	85	100	99	17.7.1.5	hormone metabolism.jasmonate.synthesis-degradation.12-oxophytodienoate reductase 3	NADH flavin oxidoreductase/NADH oxidase	0	0	0	0	0	0	0	0	0	0	0
Sotub11g019020	AT1G75950	ASK	RBB_hvu_03249	3	S phase kinase-associated protein 1	89	95	98	29.5.11.4.3.1	protein.degradation.ubiquitin.E3.SCF.SKP	SKP1	0	0	0	0	0	0	0	0	0	0	0
Sotub11g020650	AT5G06950	TGA2,5,6	RBB_hvu_10773	6	bZIP transcription factor family protein	92	85	87	27.3.35	RNA.regulation of transcription.bZIP transcription factor family	BZIP transcription factor	0	0	0	0	0.57	0.67	0.87	0	1.23	0	1.16
Sotub11g024700	AT1G08250	ADT	RBB_hvu_00437	2	arogenate dehydratase 6	84	83	82	13.1.6.3.1	amino acid metabolism.synthesis.aromatic aa.phenylalanine.arogenate dehydratase / prephenate dehydratase	Prephenate dehydratase	2.57	2.74	0	0	1.52	1.18	0	0	2.16	1.32	2.41
Sotub11g026710	AT5G42650	AOS	RBB_hvu_12274	2	allene oxide synthase	79	97	99	17.7.1.3	hormone metabolism.jasmonate.synthesis-degradation.allene oxidase synthase	Allene oxide synthase	2.47	3.1	0	-1.56	0	0	0	0	0	0	0
Sotub11g027990	AT1G04580	AAO	RBB_hvu_00211	1	aldehyde oxidase 4	71	85	94	17.1.1.1.12	hormone metabolism.abscisic acid.synthesis-degradation.synthesis.abscisic aldehyde oxidase	Xanthine dehydrogenase/oxidase	0	0	0	0	0	0	0	0	0	0	0
Sotub11g028030	AT2G27150	AAO	RBB_hvu_04452	6	abscisic aldehyde oxidase 3	74	82	96	17.1.1.1.12	hormone metabolism.abscisic acid.synthesis-degradation.synthesis.abscisic aldehyde oxidase	Xanthine dehydrogenase/oxidase	-1.52	-2.22	0	0	0	0	0	0	-2.81	-1.98	-2.95
Sotub11g029010	AT5G51700	RAR1	RBB_hvu_12763	1	cysteine and histidine-rich domain-containing protein RAR1	78	93	93	20.1.7	stress.biotic.PR-proteins	Cysteine and histidine-rich domain-containing protein 1	-0.57	-0.67	0	0	-1.53	-1.51	0	0	0	0	-1.57
Sotub11g029450	AT3G07630	ADT	RBB_hvu_06085	1	arogenate dehydratase 2	82	89	85	13.1.6.3.1	amino acid metabolism.synthesis.aromatic aa.phenylalanine.arogenate dehydratase / prephenate dehydratase	Prephenate dehydratase	0	0	0	0	0	0	0	0	0	-0.94	0
Sotub12g005220	AT5G20040	IPT2,9	RBB_hvu_11526	1	isopentenyltransferase 9	76	91	95	27.1	RNA.processing	tRNA dimethylallyltransferase	0	0	0	0	0	0	0	0	0	0	0
Sotub12g006350	AT1G66340	ETR	RBB_hvu_02697	3	Signal transduction histidine kinase%2C hybrid-type%2C ethylene sensor	90	99	98	17.5.2	hormone metabolism.ethylene.signal transduction	Ethylene receptor	1.15	1.85	0	0	1.17	1.53	0	1.29	1.67	1.26	1.34
Sotub12g006350	AT1G66340	ETR1	RBB_hvu_02697	3	Signal transduction histidine kinase%2C hybrid-type%2C ethylene sensor	90	99	98	17.5.2	hormone metabolism.ethylene.signal transduction	Ethylene receptor	1.15	1.85	0	0	1.17	1.53	0	1.29	1.67	1.26	1.34
Sotub12g006880	AT2G42620	MAX2	RBB_hvu_05343	1	RNI-like superfamily protein	70	98	93	29.5.11.4.3.2	protein.degradation.ubiquitin.E3.SCF.FBOX	SCF E3 ubiquitin ligase complex F-box protein grrA	1.2	1.1	0	0	1.37	1.98	0	0	0	1.48	0
Sotub12g008360	AT2G25490	EBF	RBB_hvu_04344	4	EIN3-binding F box protein 1	74	98	95	29.5.11.4.3.2	protein.degradation.ubiquitin.E3.SCF.FBOX	SCF E3 ubiquitin ligase complex F-box protein grrA	0	0	0	0	0	0	0	1.02	1.59	0	0.93
Sotub12g008860	AT2G05840	PAA2	RBB_hvu_03765	1	20S proteasome subunit PAA2	97	100	100	29.5.11.20	protein.degradation.ubiquitin.proteasom	Proteasome subunit alpha type	0	0	0	0	-1.11	0.02	-0.83	0	0	0	0
Sotub12g008880	AT5G20570	RBX	RBB_hvu_11561	1	RING-box 1	75	82	100	29.5.11.4.2	protein.degradation.ubiquitin.E3.RING	RING-box protein	0	0	0	0	0	0	0	0	0	0	0
Sotub12g009260	AT4G29010	MFP	RBB_hvu_09770	5	Enoyl-CoA hydratase/isomerase family	88	98	98	11.9.4.9	lipid metabolism.lipid degradation.beta-oxidation.multifunctional	Fatty acid oxidation complex subunit alpha 1	1.57	2.21	0	0	0	0	0	0	0	0	0
Sotub12g011800	AT1G05010	ACO	RBB_hvu_00244	5	ethylene-forming enzyme	88	96	98	17.5.1.2	hormone metabolism.ethylene.synthesis-degradation.1-aminocyclopropane-1-carboxylate oxidase	1-aminocyclopropane-1-carboxylate oxidase	3.33	4.76	0	0	2.77	1.43	2.22	3.96	2.82	2.49	3.97
Sotub12g013560	AT5G56000	HSP90	RBB_hvu_13018	3	HEAT SHOCK PROTEIN 81.4	98	100	100	20.2.1	stress.abiotic.heat	Heat shock protein 90	0	0	0	0	0	0	0	0	0	0	0
Sotub12g025700	AT1G78290	SnRK2.8	RBB_hvu_03385	2	Protein kinase superfamily protein	87	87	88	29.4.1	protein.postranslational modification.kinase	Serine-threonine protein kinase	1.7	1.68	0	0	1.39	1.06	0	0	1.74	0	0
Sotub12g027780	AT1G20510	OPCL1	RBB_hvu_01140	1	OPC-8:0 CoA ligase1	88	98	97	16.2.1.3	secondary metabolism.phenylpropanoids.lignin biosynthesis.4CL	4-coumarate-coa ligase	1.18	1.49	-1.27	-1.63	0	0	0	0	0	0	-1.55
Sotub12g027890	AT4G35090	CAT2	RBB_hvu_10141	3	catalase 2	84	100	97	21.6	redox.dismutases and catalases	Catalase	2.39	1.97	0	0	0	0	0.87	1.45	1.33	1.34	1.13
Sotub12g027890	AT4G35090	CAT	RBB_hvu_10141	3	catalase 2	84	100	97	21.6	redox.dismutases and catalases	Catalase	2.39	1.97	0	0	0	0	0.87	1.45	1.33	1.34	1.13
Sotub12g030950	AT4G01850	SAMS	RBB_hvu_08477	2	S-adenosylmethionine synthetase 2	96	100	100	13.1.3.4.11	amino acid metabolism.synthesis.aspartate family.methionine.S-adenosylmethionine synthetase	S-adenosylmethionine synthase	1.37	0	0	0	0	0	0	0	0	-0.83	-0.81
Sotub12g031400	AT3G06860	MFP	RBB_hvu_06029	3	multifunctional protein 2	89	100	99	11.9.4.9	lipid metabolism.lipid degradation.beta-oxidation.multifunctional	Fatty acid oxidation complex subunit alpha 1	2.55	3.49	0	0	2.05	2.68	1.88	1.64	2.09	1.98	1.62
